player_id,player_name,draft_year,pick_number,college,prospect_archetype,size_bucket,is_star,is_all_nba_first_5,star_level,first_all_nba_season,first_all_nba_year_in_league,best_all_nba_team_first_5,all_nba_selections_first_5,height_wo_shoes,weight,wingspan,wingspan_height_diff,scored,missing_features,p_out,p_rot_plus,p_star,rotation_plus_prob,pred_tier,creator_to_wing_scaling_signal,big_offensive_scalability,defensive_big_offense_floor,defensive_big_signal_cap,low_ast_rim_protector_risk
2026008,Brayden Burries,2026,8,Arizona,offensive_wing,guard,,,,,,,,75.75,215.0,78.0,2.25,True,,0.05568133028083311,0.6745221440029502,0.2697965257162167,0.9443186697191669,ROT+,0.0,0.0,0.0,1.0,0.0
2026006,Darius Acuff Jr.,2026,6,Arkansas,secondary_creator,small_guard,,,,,,,,74.0,186.0,79.0,5.0,True,,0.11590745783979084,0.6184040603440706,0.26568848181613863,0.8840925421602093,ROT+,0.0,0.0,0.0,1.0,0.0
2026028,Meleek Thomas,2026,28,Arkansas,offensive_wing,guard,,,,,,,,75.0,189.0,78.75,3.75,True,,0.08482681737275978,0.7195950723951321,0.19557811023210822,0.9151731826272403,ROT+,0.0,0.0,0.0,1.0,0.0
2026001,Cameron Boozer,2026,1,Duke,secondary_creator,wing,,,,,,,,80.25,253.0,85.5,5.25,True,,0.050951593214783375,0.7598976506002142,0.18915075618500243,0.9490484067852166,ROT+,0.7965475,0.0,0.0,1.0,0.0
2026009,Mikel Brown Jr.,2026,9,Louisville,secondary_creator,guard,,,,,,,,75.5,190.0,79.5,4.0,True,,0.1756865834491318,0.6441631430560166,0.1801502734948516,0.8243134165508682,ROT+,0.0,0.0,0.0,1.0,0.0
2026003,AJ Dybantsa,2026,3,BYU,secondary_creator,wing,,,,,,,,80.5,217.0,84.25,3.75,True,,0.14436030325059968,0.6831205897108517,0.17251910703854872,0.8556396967494004,ROT+,0.6641249999999999,0.0,0.0,1.0,0.0
2026004,Caleb Wilson,2026,4,North Carolina,dominant_big,forward_big,,,,,,,,81.25,211.0,84.25,3.0,True,,0.1479860411365893,0.7182539697540334,0.13375998910937725,0.8520139588634107,ROT+,0.0,0.7637499999999997,0.0,1.0,0.0
2026024,Ebuka Okorie,2026,24,Stanford,secondary_creator,small_guard,,,,,,,,73.25,186.0,79.75,6.5,True,,0.16950977110607457,0.7011938237429927,0.12929640515093282,0.8304902288939255,ROT+,0.0,0.0,0.0,1.0,0.0
2026002,Darryn Peterson,2026,2,Kansas,secondary_creator,guard,,,,,,,,76.5,199.0,81.75,5.25,True,,0.09003231667133482,0.7846284493369701,0.12533923399169514,0.9099676833286652,ROT+,0.0,0.0,0.0,1.0,0.0
2026007,Kingston Flemings,2026,7,Houston,primary_creator,small_guard,,,,,,,,74.5,183.0,75.5,1.0,True,,0.18336541072672896,0.6995950444953446,0.11703954477792644,0.816634589273271,ROT+,0.0,0.0,0.0,1.0,0.0
2026015,Hannes Steinbach,2026,15,Washington,rim_runner,forward_big,,,,,,,,82.25,248.0,86.25,4.0,True,,0.14004893675291008,0.7511233849371899,0.10882767830990002,0.8599510632470899,ROT+,0.0,0.639689980732177,0.0,1.0,0.0
2026011,Labaron Philon Jr.,2026,11,Alabama,secondary_creator,small_guard,,,,,,,,74.5,176.0,78.25,3.75,True,,0.29658399251559475,0.6034071129993211,0.1000088944850841,0.7034160074844052,ROT+,0.0,0.0,0.0,1.0,0.0
2026018,Aday Mara,2026,18,Michigan,rim_runner,center,,,,,,,,87.0,260.0,90.0,6.0,True,,0.22771114352252153,0.6790373369585633,0.09325151951891521,0.7722888564774785,ROT+,0.0,0.5315099999999998,0.4684900000000002,0.6954814999999999,0.0
2026005,Keaton Wagler,2026,5,Illinois,secondary_creator,guard,,,,,,,,77.0,188.0,78.25,1.25,True,,0.20197652482709583,0.7057158589521955,0.09230761622070865,0.7980234751729041,ROT+,0.0,0.0,0.0,1.0,0.0
2026020,Bennett Stirtz,2026,20,Iowa,secondary_creator,small_guard,,,,,,,,74.5,186.0,78.0,3.5,True,,0.12180053295965809,0.7891309014581814,0.08906856558216047,0.8781994670403419,ROT+,0.0,0.0,0.0,1.0,0.0
2026025,Koa Peat,2026,25,Arizona,rim_runner,wing,,,,,,,,79.0,245.0,83.25,4.25,True,,0.2960384829072331,0.6308291243108123,0.07313239278195464,0.7039615170927669,ROT+,0.2980190527577936,0.39372,0.0,1.0,0.0
2026010,Nate Ament,2026,10,Tennessee,playmaking_forward,forward_big,,,,,,,,81.5,211.0,83.5,2.0,True,,0.26446647965277414,0.6670351762008819,0.06849834414634391,0.7355335203472259,ROT+,0.7431300000000001,0.6766666666666666,0.0,1.0,0.0
2026019,Jayden Quaintance,2026,19,Kentucky,rim_runner,forward_big,,,,,,,,81.0,253.0,89.25,8.25,True,,0.4384881329759449,0.49303005971552527,0.06848180730852982,0.5615118670240551,ROT+,0.0,0.1535,0.8465,0.4497749999999999,0.0
2026017,Morez Johnson Jr.,2026,17,Michigan,rim_runner,forward_big,,,,,,,,81.0,251.0,87.5,6.5,True,,0.1287079995102478,0.8044825876592383,0.06680941283051393,0.8712920004897522,ROT+,0.0,0.5358082191780822,0.0,1.0,0.0
2026022,Christian Anderson,2026,22,Texas Tech,secondary_creator,small_guard,,,,,,,,72.75,180.0,78.25,5.5,True,,0.04986347357893628,0.8858745438585082,0.06426198256255558,0.9501365264210637,ROT+,0.0,0.0,0.0,1.0,0.0
2026026,Isaiah Evans,2026,26,Duke,offensive_wing,guard,,,,,,,,77.5,186.0,80.75,3.25,True,,0.22265741343516787,0.71461507959543,0.06272750696940207,0.7773425865648321,ROT+,0.0,0.0,0.0,1.0,0.0
2026014,Cameron Carr,2026,14,Baylor,secondary_creator,guard,,,,,,,,76.5,184.0,84.75,8.25,True,,0.6601350041669469,0.30617848029954425,0.03368651553350878,0.339864995833053,ROT+,0.0,0.0,0.0,1.0,0.0
2026021,Dailyn Swain,2026,21,Texas,two_way_wing,wing,,,,,,,,78.5,211.0,82.0,3.5,True,,0.22459043282003055,0.7420158778755798,0.033393689304389663,0.7754095671799695,ROT+,0.35274999999999995,0.0,0.0,1.0,0.0
2026016,Chris Cenac Jr.,2026,16,Houston,stretch_big,forward_big,,,,,,,,82.25,240.0,89.0,6.75,True,,0.17388437840386184,0.7956677696322859,0.03044785196385224,0.8261156215961382,ROT+,0.0,0.08362999999999995,0.0,1.0,0.0
2026012,Yaxel Lendeborg,2026,12,Michigan,secondary_creator,wing,,,,,,,,80.75,241.0,87.25,6.5,True,,0.0657638143731688,0.909160080080097,0.025076105546734253,0.9342361856268312,ROT+,0.6108284345047923,0.0,0.0,1.0,0.0
2026023,Allen Graves,2026,23,Santa Clara,two_way_wing,wing,,,,,,,,79.75,226.0,84.0,4.25,True,,0.09452951347640115,0.8815509156663717,0.02391957085722713,0.9054704865235988,ROT+,0.6362862831858407,0.0,0.0,1.0,0.0
2026027,Joshua Jefferson,2026,27,Iowa State,secondary_creator,wing,,,,,,,,79.75,246.0,82.75,3.0,True,,0.34356910695698584,0.6332065289519568,0.02322436409105738,0.6564308930430143,ROT+,0.44259,0.0,0.0,1.0,0.0
2026013,Karim López,2026,13,New Zealand,connector_forward,wing,,,,,,,,80.25,222.0,83.5,3.25,False,"college_ast_pct,college_tov_pct,college_efg_pct,college_ftr,college_fg3a_rate,college_fg3_pct,college_ft_pct,college_fg_pct,college_sos,years_in_college,college_usg_pct_fold_expected,college_usg_pct_fold_vs_expected,college_ast_pct_fold_expected,college_ast_pct_fold_vs_expected,college_tov_pct_fold_expected,college_tov_pct_fold_vs_expected,college_ftr_fold_expected,college_ftr_fold_vs_expected,college_fg3a_rate_fold_expected,college_fg3a_rate_fold_vs_expected,college_ast_pct_usage_fold_expected,college_ast_pct_usage_fold_adjusted,college_tov_pct_usage_fold_expected,college_tov_pct_usage_fold_adjusted,college_ftr_usage_fold_expected,college_ftr_usage_fold_adjusted,college_fg3a_rate_usage_fold_expected,college_fg3a_rate_usage_fold_adjusted,final_ast_pct_season_fold_residual,final_tov_pct_season_fold_residual,final_ts_pct_season_fold_residual,final_ftr_season_fold_residual,fresh_ast_pct_season_fold_residual,fresh_tov_pct_season_fold_residual,fresh_ts_pct_season_fold_residual,fresh_ftr_season_fold_residual,avg_ast_pct_season_fold_residual,avg_tov_pct_season_fold_residual,avg_ts_pct_season_fold_residual,avg_ftr_season_fold_residual,max_ast_pct_season_fold_residual,max_tov_pct_season_fold_residual,max_ts_pct_season_fold_residual,max_ftr_season_fold_residual,traj_ast_pct_season_fold_residual,traj_tov_pct_season_fold_residual,traj_ts_pct_season_fold_residual,traj_ftr_season_fold_residual,wavg_ast_pct_season_fold_residual,wavg_tov_pct_season_fold_residual,wavg_ts_pct_season_fold_residual,wavg_ftr_season_fold_residual",,,,,UNSCORED_MISSING_DATA,0.0,0.18349999999999977,0.0,1.0,0.0
2026029,Henri Veesaar,2026,29,North Carolina,dominant_big,center,,,,,,,,83.25,227.2,86.0,2.0,False,"college_ast_pct,college_tov_pct,college_efg_pct,college_ftr,college_fg3a_rate,college_fg3_pct,college_ft_pct,college_fg_pct,college_ast_pct_fold_vs_expected,college_tov_pct_fold_vs_expected,college_ftr_fold_vs_expected,college_fg3a_rate_fold_vs_expected,college_ast_pct_usage_fold_adjusted,college_tov_pct_usage_fold_adjusted,college_ftr_usage_fold_adjusted,college_fg3a_rate_usage_fold_adjusted,final_ast_pct_season_fold_residual,final_tov_pct_season_fold_residual,final_ts_pct_season_fold_residual,final_ftr_season_fold_residual,fresh_ast_pct_season_fold_residual,fresh_tov_pct_season_fold_residual,fresh_ts_pct_season_fold_residual,fresh_ftr_season_fold_residual,avg_ast_pct_season_fold_residual,avg_tov_pct_season_fold_residual,avg_ts_pct_season_fold_residual,avg_ftr_season_fold_residual,max_ast_pct_season_fold_residual,max_tov_pct_season_fold_residual,max_ts_pct_season_fold_residual,max_ftr_season_fold_residual,traj_ast_pct_season_fold_residual,traj_tov_pct_season_fold_residual,traj_ts_pct_season_fold_residual,traj_ftr_season_fold_residual,wavg_ast_pct_season_fold_residual,wavg_tov_pct_season_fold_residual,wavg_ts_pct_season_fold_residual,wavg_ftr_season_fold_residual",,,,,UNSCORED_MISSING_DATA,0.0,0.43700000000000006,0.0,1.0,0.0
2026030,Tarris Reed Jr.,2026,30,UConn,dominant_big,forward_big,,,,,,,,81.75,263.6,88.25,5.25,False,"college_ast_pct,college_tov_pct,college_efg_pct,college_ftr,college_fg3a_rate,college_fg3_pct,college_ft_pct,college_fg_pct,college_sos,college_usg_pct_fold_expected,college_usg_pct_fold_vs_expected,college_ast_pct_fold_expected,college_ast_pct_fold_vs_expected,college_tov_pct_fold_expected,college_tov_pct_fold_vs_expected,college_ftr_fold_expected,college_ftr_fold_vs_expected,college_fg3a_rate_fold_expected,college_fg3a_rate_fold_vs_expected,college_ast_pct_usage_fold_expected,college_ast_pct_usage_fold_adjusted,college_tov_pct_usage_fold_expected,college_tov_pct_usage_fold_adjusted,college_ftr_usage_fold_expected,college_ftr_usage_fold_adjusted,college_fg3a_rate_usage_fold_expected,college_fg3a_rate_usage_fold_adjusted,final_ast_pct_season_fold_residual,final_tov_pct_season_fold_residual,final_ts_pct_season_fold_residual,final_ftr_season_fold_residual,fresh_ast_pct_season_fold_residual,fresh_tov_pct_season_fold_residual,fresh_ts_pct_season_fold_residual,fresh_ftr_season_fold_residual,avg_ast_pct_season_fold_residual,avg_tov_pct_season_fold_residual,avg_ts_pct_season_fold_residual,avg_ftr_season_fold_residual,max_ast_pct_season_fold_residual,max_tov_pct_season_fold_residual,max_ts_pct_season_fold_residual,max_ftr_season_fold_residual,traj_ast_pct_season_fold_residual,traj_tov_pct_season_fold_residual,traj_ts_pct_season_fold_residual,traj_ftr_season_fold_residual,wavg_ast_pct_season_fold_residual,wavg_tov_pct_season_fold_residual,wavg_ts_pct_season_fold_residual,wavg_ftr_season_fold_residual",,,,,UNSCORED_MISSING_DATA,0.0,0.3739499999999999,0.0,1.0,0.0
1642843,Cooper Flagg,2025,1,Duke,secondary_creator,wing,False,False,0.0,,,,0.0,79.75,221.0,84.0,4.25,True,,0.06576768200629912,0.7422718538682349,0.191960464125466,0.9342323179937009,ROT+,0.95036,0.0,0.0,1.0,0.0
1642857,Kasparas Jakučionis,2025,20,Illinois,secondary_creator,guard,False,False,0.0,,,,0.0,76.75,205.2,79.75,3.0,True,,0.42436984954334334,0.42919205430680174,0.1464380961498549,0.5756301504566567,ROT+,0.0,0.0,0.0,1.0,0.0
1642859,Jase Richardson,2025,25,Michigan State,offensive_wing,small_guard,False,False,0.0,,,,0.0,72.5,178.4,78.0,5.5,True,,0.1121723934851131,0.7463896499814764,0.14143795653341057,0.8878276065148869,ROT+,0.0,0.0,0.0,1.0,0.0
1642848,Tre Johnson,2025,6,Texas,secondary_creator,guard,False,False,0.0,,,,0.0,76.75,190.4,82.25,5.5,True,,0.38385434726421286,0.5014052138714739,0.11474043886431326,0.6161456527357871,ROT+,0.0,0.0,0.0,1.0,0.0
1642844,Dylan Harper,2025,2,Rutgers,secondary_creator,guard,False,False,0.0,,,,0.0,76.5,213.2,82.5,6.0,True,,0.12504146856442366,0.7700452263817912,0.10491330505378511,0.8749585314355763,ROT+,0.0,0.0,0.0,1.0,0.0
1642847,Jeremiah Fears,2025,7,Oklahoma,secondary_creator,small_guard,False,False,0.0,,,,0.0,74.5,179.6,77.25,2.75,True,,0.3053193582417256,0.590266082606482,0.10441455915179243,0.6946806417582744,ROT+,0.0,0.0,0.0,1.0,0.0
1642850,Thomas Sorber,2025,15,Georgetown,rim_runner,forward_big,False,False,0.0,,,,0.0,81.25,262.8,90.0,8.75,True,,0.18041986744779848,0.7277289639188724,0.09185116863332908,0.8195801325522015,ROT+,0.0,0.4753666666666663,0.5246333333333337,0.6589883333333331,0.0
1642856,Egor Dëmin,2025,8,Brigham Young,secondary_creator,wing,False,False,0.0,,,,0.0,80.25,199.2,82.25,2.0,True,,0.4922699748515318,0.428638451988187,0.0790915731602812,0.5077300251484682,ROT+,0.45097250000000005,0.0,0.0,1.0,0.0
1642851,Kon Knueppel,2025,4,Duke,two_way_wing,guard,False,False,0.0,,,,0.0,77.0,219.0,78.25,1.25,True,,0.16063974849715412,0.7610625397060095,0.07829771179683646,0.8393602515028459,ROT+,0.0,0.0,0.0,1.0,0.0
1642867,Collin Murray-Boyles,2025,9,South Carolina,secondary_creator,wing,False,False,0.0,,,,0.0,78.5,239.2,84.75,6.25,True,,0.22733695067264337,0.6970455677068244,0.0756174816205323,0.7726630493273566,ROT+,0.4769722222222222,0.0,0.0,1.0,0.0
1641780,Johni Broome,2025,35,Auburn,secondary_creator,forward_big,False,False,0.0,,,,0.0,81.25,249.4,84.25,3.0,True,,0.12023406397457892,0.8060218775229319,0.07374405850248918,0.8797659360254211,ROT+,0.5754595555555555,0.0,0.0,1.0,0.0
1642860,Will Riley,2025,21,Illinois,two_way_wing,wing,False,False,0.0,,,,0.0,80.25,185.6,80.75,0.5,True,,0.3141777792799303,0.6140531660453907,0.07176905467467899,0.6858222207200697,ROT+,0.40209935252918294,0.0,0.0,1.0,0.0
1642862,Liam McNeeley,2025,29,Connecticut,secondary_creator,wing,False,False,0.0,,,,0.0,78.75,214.6,80.5,1.75,True,,0.3734875341473548,0.5561720208295382,0.07034044502310702,0.6265124658526452,ROT+,0.572125,0.0,0.0,1.0,0.0
1642852,Derik Queen,2025,13,Maryland,rim_runner,forward_big,False,False,0.0,,,,0.0,81.25,247.8,84.5,3.25,True,,0.31913326654341223,0.6128697888329966,0.06799694462359117,0.6808667334565878,ROT+,0.0,0.6463916666666665,0.0,1.0,0.0
1642383,Walter Clayton Jr.,2025,18,Florida,secondary_creator,small_guard,False,False,0.0,,,,0.0,74.0,199.0,76.0,2.0,True,,0.13910889163179174,0.7963985265883953,0.06449258177981303,0.8608911083682083,ROT+,0.0,0.0,0.0,1.0,0.0
1642845,VJ Edgecombe,2025,3,Baylor,secondary_creator,guard,False,False,0.0,,,,0.0,76.0,193.2,79.5,3.5,True,,0.25932822611322415,0.6807374623645691,0.05993431152220676,0.7406717738867759,ROT+,0.0,0.0,0.0,1.0,0.0
1642863,Khaman Maluach,2025,10,Duke,rim_runner,center,False,False,0.0,,,,0.0,84.75,252.8,90.75,6.75,True,,0.3553751456029127,0.5887006310594975,0.055924223337589694,0.6446248543970873,ROT+,0.0,0.44597987421383645,0.0,1.0,0.0
1642874,Danny Wolf,2025,27,Michigan,playmaking_forward,forward_big,False,False,0.0,,,,0.0,82.5,251.8,86.25,3.75,True,,0.26203800785231424,0.683248344698303,0.05471364744938278,0.7379619921476858,ROT+,0.5362277777777777,0.38250000000000006,0.0,1.0,0.0
1642846,Ace Bailey,2025,5,Rutgers,offensive_wing,wing,False,False,0.0,,,,0.0,79.5,202.8,84.5,5.0,True,,0.41774898946879657,0.5284060623868289,0.053844948144374606,0.5822510105312034,ROT+,0.5487639,0.0,0.0,1.0,0.0
1642404,Chaz Lanier,2025,37,Tennessee,offensive_wing,guard,False,False,0.0,,,,0.0,75.75,205.8,81.0,5.25,True,,0.4757400099388688,0.47505514623762884,0.049204843823502396,0.5242599900611312,ROT+,0.0,0.0,0.0,1.0,0.0
1642880,Kam Jones,2025,38,Marquette,secondary_creator,guard,False,False,0.0,,,,0.0,75.25,202.4,78.0,2.75,True,,0.07848499602534142,0.8724987082856162,0.04901629568904246,0.9215150039746586,ROT+,0.0,0.0,0.0,1.0,0.0
1642878,Tyrese Proctor,2025,49,Duke,secondary_creator,guard,False,False,0.0,,,,0.0,76.25,183.2,79.25,3.0,True,,0.5910261280575431,0.3600382577193396,0.048935614223117346,0.40897387194245693,ROT+,0.0,0.0,0.0,1.0,0.0
1642873,Amari Williams,2025,46,Kentucky,rim_runner,forward_big,False,False,0.0,,,,0.0,82.0,227.0,89.0,7.0,True,,0.5454518943784656,0.4069461960147102,0.047601909606824123,0.45454810562153436,ROT+,0.0,0.52615,0.47385,0.6919975,0.0
1642854,Asa Newell,2025,23,Georgia,offensive_wing,forward_big,False,False,0.0,,,,0.0,81.0,223.8,83.25,2.25,True,,0.09367768581953595,0.8592754158414385,0.04704689833902553,0.906322314180464,ROT+,0.5005236206896552,0.0,0.0,1.0,0.0
1641750,Ryan Kalkbrenner,2025,34,Creighton,rim_runner,center,False,False,0.0,,,,0.0,85.0,257.4,90.0,6.0,True,,0.2096889262867947,0.7441831604690802,0.046127913244125136,0.7903110737132053,ROT+,0.0,0.5011376564277586,0.0,1.0,0.0
1642954,Will Richard,2025,56,Florida,offensive_wing,guard,False,False,0.0,,,,0.0,77.0,195.0,81.75,4.75,True,,0.17897875806048613,0.7768008836873372,0.04422035825217664,0.8210212419395139,ROT+,0.0,0.0,0.0,1.0,0.0
1642914,Javon Small,2025,48,West Virginia,secondary_creator,small_guard,False,False,0.0,,,,0.0,73.0,190.0,76.75,3.75,True,,0.41860652310209356,0.5372742711653055,0.044119205732600975,0.5813934768979064,ROT+,0.0,0.0,0.0,1.0,0.0
1642910,John Tonje,2025,53,Wisconsin,two_way_wing,guard,False,False,0.0,,,,0.0,76.75,211.8,81.0,4.25,True,,0.38936552142317893,0.5688537150504296,0.04178076352639144,0.6106344785768211,ROT+,0.0,0.0,0.0,1.0,0.0
1642964,Brooks Barnhizer,2025,44,Northwestern,role_player,wing,False,False,0.0,,,,0.0,78.0,215.0,83.0,5.0,True,,0.36541963413832057,0.5929861080098465,0.0415942578518329,0.6345803658616794,ROT+,0.34965,0.0,0.0,1.0,0.0
1642886,Koby Brea,2025,41,Kentucky,two_way_wing,guard,False,False,0.0,,,,0.0,77.75,201.8,77.25,-0.5,True,,0.4894518194318743,0.46933570280685766,0.041212477761268025,0.5105481805681257,ROT+,0.0,0.0,0.0,1.0,0.0
1642918,Alijah Martin,2025,39,Florida,offensive_wing,small_guard,False,False,0.0,,,,0.0,73.5,208.4,79.5,6.0,True,,0.3209971091265945,0.639123256879189,0.039879633994216415,0.6790028908734055,ROT+,0.0,0.0,0.0,1.0,0.0
1642868,Carter Bryant,2025,14,Arizona,two_way_wing,wing,False,False,0.0,,,,0.0,78.5,214.8,83.75,5.25,True,,0.3291489022814281,0.6350118367793463,0.03583926093922568,0.670851097718572,ROT+,0.48274009999999995,0.0,0.0,1.0,0.0
1642876,Adou Thiero,2025,36,Arkansas,role_player,wing,False,False,0.0,,,,0.0,78.25,218.4,84.0,5.75,True,,0.35173427148660663,0.6132198856920873,0.03504584282130608,0.6482657285133934,ROT+,0.2290098039215687,0.0,0.0,1.0,0.0
1642962,Drake Powell,2025,22,North Carolina,offensive_wing,guard,False,False,0.0,,,,0.0,77.25,200.4,84.0,6.75,True,,0.5092913378434324,0.45712149673696256,0.033587165419605075,0.4907086621565676,ROT+,0.0,0.0,0.0,1.0,0.0
1642883,Sion James,2025,33,Duke,offensive_wing,guard,False,False,0.0,,,,0.0,76.5,217.6,78.5,2.0,True,,0.3699609412139717,0.5980352052397901,0.03200385354623815,0.6300390587860283,ROT+,0.0,0.0,0.0,1.0,0.0
1642907,Cedric Coward,2025,11,Washington State,offensive_wing,guard,False,False,0.0,,,,0.0,77.25,213.0,86.25,9.0,True,,0.7652367581684096,0.20647173102815428,0.028291510803436053,0.23476324183159034,OUT,0.0,0.0,0.0,1.0,0.0
1642875,Maxime Raynaud,2025,42,Stanford,playmaking_forward,center,False,False,0.0,,,,0.0,84.25,236.8,85.25,1.25,True,,0.7524697744905487,0.22693289325420793,0.0205973322552433,0.24753022550945122,OUT,0.0,0.482508333333333,0.0,1.0,0.0
1642949,Yanic Konan Niederhäuser,2025,30,Penn State,rim_runner,forward_big,False,False,0.0,,,,0.0,83.25,242.6,87.25,4.0,True,,0.8113347953048216,0.17532175181465734,0.013343452880521073,0.18866520469517842,OUT,0.0,0.3119249999999998,0.786,0.4891,0.786
1642942,Jahmai Mashack,2025,59,Tennessee,offensive_wing,guard,False,False,0.0,,,,0.0,76.0,192.0,79.75,3.75,True,,0.8089231637246088,0.17899570208854326,0.012081134186847883,0.19107683627539115,OUT,0.0,0.0,0.0,1.0,0.0
1642917,Max Shulga,2025,57,Virginia Commonwealth,secondary_creator,guard,False,False,0.0,,,,0.0,76.25,206.4,77.75,1.5,True,,0.8213405755219806,0.16828328387761804,0.010376140600401412,0.17865942447801944,OUT,0.0,0.0,0.0,1.0,0.0
1642853,Rasheer Fleming,2025,31,Saint Joseph's,two_way_wing,wing,False,False,0.0,,,,0.0,80.25,232.4,89.25,9.0,True,,0.5325002375621122,0.4575067161561457,0.009993046281742106,0.46749976243788777,ROT+,0.400524,0.0,0.0,1.0,0.0
1642920,Kobe Sanders,2025,50,Nevada-Reno,secondary_creator,wing,False,False,0.0,,,,0.0,79.0,203.2,80.25,1.25,True,,0.7779377017366901,0.21216310473072603,0.00989919353258388,0.22206229826330992,OUT,0.2832,0.0,0.0,1.0,0.0
1642363,Nique Clifford,2025,24,Colorado State,secondary_creator,guard,False,False,0.0,,,,0.0,77.25,202.0,80.0,2.75,True,,0.6925008055415904,0.29804832957889793,0.009450864879511621,0.30749919445840956,ROT+,0.0,0.0,0.0,1.0,0.0
1642877,Micah Peavy,2025,40,Georgetown,secondary_creator,wing,False,False,0.0,,,,0.0,78.25,211.6,79.25,1.0,True,,0.7216750051920643,0.27102984315169154,0.007295151656244185,0.2783249948079357,OUT,0.06994022222222214,0.0,0.0,1.0,0.0
1642364,Jamir Watkins,2025,43,Florida State,secondary_creator,guard,False,False,0.0,,,,0.0,77.0,214.6,83.25,6.25,True,,0.7331514622972887,0.26037946669707873,0.006469071005632594,0.26684853770271133,OUT,0.0,0.0,0.0,1.0,0.0
1643007,Taelon Peter,2025,54,Liberty,two_way_wing,guard,False,False,0.0,,,,0.0,76.0,185.0,80.0,4.0,True,,0.8562554284897689,0.13874717360710706,0.004997397903124041,0.1437445715102311,OUT,0.0,0.0,0.0,1.0,0.0
1642265,Rob Dillingham,2024,8,Kentucky,secondary_creator,small_guard,False,False,0.0,,,,0.0,73.0,164.2,75.0,2.0,True,,0.24965386309138893,0.547884856739858,0.2024612801687531,0.7503461369086111,ROT+,0.0,0.0,0.0,1.0,0.0
1642272,Jared McCain,2024,16,Duke,offensive_wing,small_guard,False,False,0.0,,,,0.0,74.0,203.2,75.5,1.5,True,,0.24205990501562746,0.589422971785881,0.16851712319849158,0.7579400949843725,ROT+,0.0,0.0,0.0,1.0,0.0
1642263,Reed Sheppard,2024,3,Kentucky,secondary_creator,small_guard,False,False,0.0,,,,0.0,73.75,181.6,75.25,1.5,True,,0.16871038974740837,0.6770946511486718,0.15419495910391978,0.8312896102525916,ROT+,0.0,0.0,0.0,1.0,0.0
1641744,Zach Edey,2024,9,Purdue,rim_runner,center,False,False,0.0,,,,0.0,87.75,299.0,94.75,10.75,True,,0.07865630257384637,0.8188367902497682,0.10250690717638548,0.9213436974261536,ROT+,0.0,0.7846666666666665,0.0,1.0,0.0
1642353,Cam Christie,2024,46,Minnesota,offensive_wing,guard,False,False,0.0,,,,0.0,76.5,190.4,80.0,3.5,True,,0.2612871187330613,0.6443938315936967,0.094319049673242,0.7387128812669387,ROT+,0.0,0.0,0.0,1.0,0.0
1642267,Bub Carrington,2024,14,Pittsburgh,secondary_creator,guard,False,False,0.0,,,,0.0,75.75,194.8,80.0,4.25,True,,0.5289829663723484,0.3944016913402913,0.07661534228736029,0.47101703362765157,ROT+,0.0,0.0,0.0,1.0,0.0
1642349,Ajay Mitchell,2024,38,California-Santa Barbara,secondary_creator,guard,False,False,0.0,,,,0.0,75.25,197.0,78.25,3.0,True,,0.5472089464394758,0.37800347195372697,0.07478758160679728,0.45279105356052424,ROT+,0.0,0.0,0.0,1.0,0.0
1641747,DaRon Holmes II,2024,22,Dayton,rim_runner,wing,False,False,0.0,,,,0.0,80.75,236.2,85.0,4.25,True,,0.24987842982567654,0.6785519733633847,0.0715695968109388,0.7501215701743235,ROT+,0.0,0.6843869999999999,0.0,1.0,0.0
1642273,Kyshawn George,2024,24,Miami (FL),offensive_wing,wing,False,False,0.0,,,,0.0,79.0,208.8,82.25,3.25,True,,0.47754296953407216,0.4523032208994535,0.0701538095664743,0.5224570304659278,ROT+,0.45165559999999993,0.0,0.0,1.0,0.0
1641794,Dillon Jones,2024,26,Weber State,secondary_creator,guard,False,False,0.0,,,,0.0,76.5,236.8,83.0,6.5,True,,0.6016865277925634,0.343152737005052,0.0551607352023847,0.3983134722074367,ROT+,0.0,0.0,0.0,1.0,0.0
1641796,Pelle Larsson,2024,44,Arizona,offensive_wing,guard,False,False,0.0,,,,0.0,77.25,212.4,79.5,2.25,True,,0.43964234358475685,0.5054786847567945,0.05487897165844868,0.5603576564152432,ROT+,0.0,0.0,0.0,1.0,0.0
1642285,Cam Spencer,2024,53,Connecticut,secondary_creator,guard,False,False,0.0,,,,0.0,75.0,201.8,77.0,2.0,True,,0.21660221198415275,0.7290446626302357,0.0543531253856115,0.7833977880158473,ROT+,0.0,0.0,0.0,1.0,0.0
1642262,Cody Williams,2024,10,Colorado,offensive_wing,wing,False,False,0.0,,,,0.0,78.5,178.4,85.0,6.5,True,,0.5517935931392371,0.39404233548631196,0.054164071374451006,0.44820640686076296,ROT+,0.23796949999999997,0.0,0.0,1.0,0.0
1642345,Oso Ighodaro,2024,40,Marquette,rim_runner,forward_big,False,False,0.0,,,,0.0,81.5,222.0,83.0,1.5,True,,0.6345471840387804,0.3128896789731199,0.05256313698809964,0.3654528159612196,ROT+,0.0,0.401149438202247,0.0,1.0,0.0
1642268,Isaiah Collier,2024,29,Southern California,primary_creator,small_guard,False,False,0.0,,,,0.0,74.5,204.6,76.75,2.25,True,,0.5724783257789408,0.3764972313807454,0.05102444284031385,0.42752167422105924,ROT+,0.0,0.0,0.0,1.0,0.0
1642270,Donovan Clingan,2024,7,Connecticut,rim_runner,center,False,False,0.0,,,,0.0,85.75,282.0,90.75,6.75,True,,0.1481048621133355,0.8024463429019526,0.04944879498471194,0.8518951378866646,ROT+,0.0,0.6194636363636362,0.3805363636363638,0.7526513636363635,0.0
1641783,Tristan da Silva,2024,18,Colorado,stretch_big,wing,False,False,0.0,,,,0.0,80.25,216.8,82.25,2.0,True,,0.5727954052756665,0.38226158254819775,0.044943012176135694,0.4272045947243335,ROT+,0.0,0.4539333333333331,0.0,1.0,0.0
1631248,Baylor Scheierman,2024,30,Creighton,secondary_creator,wing,False,False,0.0,,,,0.0,78.25,201.6,80.25,2.0,True,,0.46403462497569825,0.4912388625954266,0.04472651242887513,0.5359653750243017,ROT+,0.33787974683544303,0.0,0.0,1.0,0.0
1642274,Yves Missi,2024,21,Baylor,rim_runner,forward_big,False,False,0.0,,,,0.0,82.75,229.4,86.0,3.25,True,,0.35407016770000654,0.6023714194767469,0.04355841282324662,0.6459298322999935,ROT+,0.0,0.4048788209606986,0.0,1.0,0.0
1642354,KJ Simpson,2024,42,Colorado,secondary_creator,small_guard,False,False,0.0,,,,0.0,72.25,187.0,76.5,4.25,True,,0.4855264551374038,0.4721431466711142,0.04233039819148203,0.5144735448625962,ROT+,0.0,0.0,0.0,1.0,0.0
1641737,Adem Bona,2024,41,California-Los Angeles,rim_runner,wing,False,False,0.0,,,,0.0,80.25,243.2,87.75,7.5,True,,0.6843527119913355,0.27776840055325347,0.03787888745541102,0.3156472880086645,ROT+,0.0,0.4463499999999999,0.5536500000000001,0.6401275,0.0
1642367,Jonathan Mogbo,2024,31,San Francisco,rim_runner,wing,False,False,0.0,,,,0.0,78.25,217.2,86.0,7.75,True,,0.5292778842156756,0.43530592469790913,0.035416191086415263,0.4707221157843244,ROT+,0.0,0.4442499999999998,0.0,1.0,0.0
1642278,Tyler Kolek,2024,34,Marquette,secondary_creator,small_guard,False,False,0.0,,,,0.0,73.25,196.6,74.75,1.5,True,,0.04746943886002479,0.9181336008035286,0.03439696033644667,0.9525305611399753,ROT+,0.0,0.0,0.0,1.0,0.0
1642276,Kel'el Ware,2024,15,Indiana,rim_runner,forward_big,False,False,0.0,,,,0.0,83.75,230.0,88.5,4.75,True,,0.35723813852860475,0.6083769275988563,0.034384933872538964,0.6427618614713952,ROT+,0.0,0.33346799999999976,0.0,1.0,0.0
1641817,Anton Watson,2024,54,Gonzaga,two_way_wing,wing,False,False,0.0,,,,0.0,80.0,225.0,84.0,4.0,True,,0.4395924585655475,0.5263843972970629,0.03402314413738964,0.5604075414344525,ROT+,0.21014488888888883,0.0,0.0,1.0,0.0
1642271,Kyle Filipowski,2024,32,Duke,rim_runner,forward_big,False,False,0.0,,,,0.0,82.75,229.8,82.5,-0.25,True,,0.26669008892992796,0.7008378153879213,0.03247209568215068,0.733309911070072,ROT+,0.0,0.5166666666666666,0.0,1.0,0.0
1641810,Antonio Reeves,2024,47,Kentucky,two_way_wing,guard,False,False,0.0,,,,0.0,76.5,186.6,80.25,3.75,True,,0.6471279447184966,0.321751328017641,0.03112072726386247,0.35287205528150345,ROT+,0.0,0.0,0.0,1.0,0.0
1642402,Enrique Freeman,2024,50,Akron,rim_runner,wing,False,False,0.0,,,,0.0,79.25,212.0,86.0,6.75,True,,0.2914173588256741,0.6787505385320146,0.029832102642311318,0.7085826411743259,ROT+,0.0,0.5969048920863309,0.0,1.0,0.0
1642266,Ja'Kobe Walter,2024,19,Baylor,two_way_wing,guard,False,False,0.0,,,,0.0,76.25,197.6,82.0,5.75,True,,0.5131242188434395,0.45794039073106885,0.028935390425491692,0.48687578115656055,ROT+,0.0,0.0,0.0,1.0,0.0
1641803,Tristen Newton,2024,49,Connecticut,secondary_creator,guard,False,False,0.0,,,,0.0,75.25,191.8,78.75,3.5,True,,0.30468969881326796,0.6687928131028174,0.02651748808391471,0.6953103011867321,ROT+,0.0,0.0,0.0,1.0,0.0
1642366,Quinten Post,2024,52,Boston College,rim_runner,center,False,False,0.0,,,,0.0,84.0,244.4,86.5,2.5,True,,0.5841159891469552,0.3903031149228579,0.025580895930186916,0.4158840108530448,ROT+,0.0,0.6058666666666666,0.0,1.0,0.0
1642277,Johnny Furphy,2024,35,Kansas,offensive_wing,wing,False,False,0.0,,,,0.0,79.5,188.8,80.0,0.5,True,,0.310770440704069,0.6682937538835612,0.020935805412369873,0.689229559295931,ROT+,0.31570719999999997,0.0,0.0,1.0,0.0
1642346,Ryan Dunn,2024,28,Virginia,rim_runner,wing,False,False,0.0,,,,0.0,78.25,213.6,85.5,7.25,True,,0.6455000484572251,0.33410870604842846,0.02039124549434647,0.3544999515427749,ROT+,0.0,0.0411749999999997,0.9588250000000003,0.37676374999999984,0.0
1642264,Stephon Castle,2024,4,Connecticut,secondary_creator,guard,False,False,0.0,,,,0.0,77.5,210.0,81.0,3.5,True,,0.5981806448318719,0.3818664026513647,0.01995295251676347,0.40181935516812817,ROT+,0.0,0.0,0.0,1.0,0.0
1631127,Harrison Ingram,2024,48,North Carolina,secondary_creator,guard,False,False,0.0,,,,0.0,77.25,233.6,84.25,7.0,True,,0.7515017431001265,0.2298727963266361,0.018625460573237492,0.2484982568998736,OUT,0.0,0.0,0.0,1.0,0.0
1642377,Jaylen Wells,2024,39,Washington State,two_way_wing,wing,False,False,0.0,,,,0.0,78.5,206.2,79.25,0.75,True,,0.5237811669814517,0.4581049950425984,0.01811383797594991,0.4762188330185483,ROT+,0.19647553424657532,0.0,0.0,1.0,0.0
1642281,Jaylon Tyson,2024,20,California,secondary_creator,guard,False,False,0.0,,,,0.0,77.5,218.2,80.0,2.5,True,,0.6515440718744527,0.33102655919461055,0.01742936893093673,0.34845592812554727,ROT+,0.0,0.0,0.0,1.0,0.0
1642261,Dalton Knecht,2024,17,Tennessee,offensive_wing,guard,False,False,0.0,,,,0.0,77.25,212.2,81.0,3.75,True,,0.7058332179066502,0.27724857120792634,0.016918210885423477,0.29416678209334984,OUT,0.0,0.0,0.0,1.0,0.0
1642269,Devin Carter,2024,13,Providence,secondary_creator,small_guard,False,False,0.0,,,,0.0,74.25,193.0,80.75,6.5,True,,0.4952171387744704,0.48916884860361387,0.01561401262191574,0.5047828612255296,ROT+,0.0,0.0,0.0,1.0,0.0
1630545,Terrence Shannon Jr.,2024,27,Illinois,secondary_creator,guard,False,False,0.0,,,,0.0,77.75,219.4,80.75,3.0,True,,0.4782737171891619,0.508840645501319,0.012885637309519055,0.5217262828108381,ROT+,0.0,0.0,0.0,1.0,0.0
1641755,Kevin McCullar Jr.,2024,56,Kansas,offensive_wing,guard,False,False,0.0,,,,0.0,77.25,205.8,81.0,3.75,True,,0.5528610508749112,0.4363316256593529,0.010807323465735886,0.4471389491250888,ROT+,0.0,0.0,0.0,1.0,0.0
1642347,Jamal Shead,2024,45,Houston,secondary_creator,small_guard,False,False,0.0,,,,0.0,72.25,200.8,75.0,2.75,True,,0.5336291238857239,0.46637087511427616,1.0000000000000003e-09,0.4663708761142762,ROT+,0.0,0.0,0.0,1.0,0.0
1642355,Bronny James,2024,55,Southern California,secondary_creator,small_guard,False,False,0.0,,,,0.0,73.5,210.4,79.25,5.75,True,,0.7215175436185455,0.27848245538145455,1.0000000000000003e-09,0.2784824563814546,OUT,0.0,0.0,0.0,1.0,0.0
1641706,Brandon Miller,2023,2,Alabama,secondary_creator,forward_big,False,False,0.0,,,,0.0,81.0,200.0,83.0,2.0,True,,0.26863382566320093,0.48268928958542395,0.24867688475137512,0.7313661743367991,ROT+,0.7525667024539877,0.0,0.0,1.0,0.0
1641720,Jalen Hood-Schifino,2023,17,Indiana,secondary_creator,guard,False,False,0.0,,,,0.0,76.25,216.6,82.25,6.0,True,,0.548684556594712,0.34407207155088126,0.10724337185440665,0.4513154434052879,ROT+,0.0,0.0,0.0,1.0,0.0
1641721,Maxwell Lewis,2023,40,Pepperdine,secondary_creator,wing,False,False,0.0,,,,0.0,78.25,207.2,84.0,5.75,True,,0.6678350149180223,0.22911614173591952,0.10304884334605816,0.33216498508197767,ROT+,0.5232000000000001,0.0,0.0,1.0,0.0
1641707,Taylor Hendricks,2023,9,Central Florida,stretch_big,wing,False,False,0.0,,,,0.0,80.25,213.6,84.5,4.25,True,,0.5553530981698358,0.3541287126194039,0.0905181892107604,0.44464690183016425,ROT+,0.0,0.36334618155619564,0.0,1.0,0.0
1631204,Marcus Sasser,2023,25,Houston,offensive_wing,small_guard,False,False,0.0,,,,0.0,73.25,195.6,79.0,5.75,True,,0.31661754190832925,0.5967904991670153,0.08659195892465547,0.6833824580916708,ROT+,0.0,0.0,0.0,1.0,0.0
1631218,Trayce Jackson-Davis,2023,57,Indiana,rim_runner,wing,False,False,0.0,,,,0.0,80.25,240.4,85.0,4.75,True,,0.0719385167768406,0.8534670753968765,0.07459440782628288,0.9280614832231594,ROT+,0.0,0.6033999999999998,0.0,1.0,0.0
1641711,Gradey Dick,2023,13,Kansas,two_way_wing,wing,False,False,0.0,,,,0.0,78.25,204.0,80.75,2.5,True,,0.24563012101955506,0.68674402926325,0.06762584971719501,0.7543698789804449,ROT+,0.3368487155963302,0.0,0.0,1.0,0.0
1641735,Amari Bailey,2023,41,California-Los Angeles,secondary_creator,guard,False,False,0.0,,,,0.0,75.25,190.8,79.0,3.75,True,,0.7167954284364653,0.2163355243598794,0.06686904720365539,0.2832045715635348,OUT,0.0,0.0,0.0,1.0,0.0
1641764,Brandin Podziemski,2023,19,Santa Clara,secondary_creator,guard,False,False,0.0,,,,0.0,75.75,203.8,77.5,1.75,True,,0.5549287628673687,0.39021943049903235,0.054851806633598975,0.4450712371326313,ROT+,0.0,0.0,0.0,1.0,0.0
1641723,Kobe Bufkin,2023,15,Michigan,offensive_wing,guard,False,False,0.0,,,,0.0,76.25,186.8,79.75,3.5,True,,0.4766681810464809,0.4685183994824892,0.0548134194710299,0.5233318189535191,ROT+,0.0,0.0,0.0,1.0,0.0
1631170,Jaime Jaquez Jr.,2023,18,California-Los Angeles,role_player,wing,False,False,0.0,,,,0.0,78.0,226.4,81.5,3.5,True,,0.3558849350264496,0.5912302962999161,0.05288476867363432,0.6441150649735504,ROT+,0.199494,0.0,0.0,1.0,0.0
1641717,Cason Wallace,2023,10,Kentucky,secondary_creator,small_guard,False,False,0.0,,,,0.0,74.5,195.2,80.5,6.0,True,,0.43659456563960264,0.5147287524758162,0.04867668188458115,0.5634054343603974,ROT+,0.0,0.0,0.0,1.0,0.0
1641734,Emoni Bates,2023,49,Eastern Michigan,offensive_wing,wing,False,False,0.0,,,,0.0,80.25,179.2,81.0,0.75,True,,0.7829377379170294,0.16978613042225082,0.047276131660719804,0.21706226208297064,OUT,0.46235999999999994,0.0,0.0,1.0,0.0
1641724,Jett Howard,2023,11,Michigan,two_way_wing,wing,False,False,0.0,,,,0.0,80.0,215.0,81.0,1.0,True,,0.3417283849893653,0.6114032689871108,0.046868346023523834,0.6582716150106347,ROT+,0.38127099999999997,0.0,0.0,1.0,0.0
1631124,Julian Strawther,2023,29,Gonzaga,offensive_wing,wing,False,False,0.0,,,,0.0,78.0,208.8,81.25,3.25,True,,0.34504417787845465,0.6091534972713089,0.04580232485023646,0.6549558221215454,ROT+,0.21606916239316243,0.0,0.0,1.0,0.0
1631243,Mouhamed Gueye,2023,39,Washington State,rim_runner,forward_big,False,False,0.0,,,,0.0,82.25,212.6,87.25,5.0,True,,0.31078577305582733,0.6436913800481389,0.04552284689603385,0.6892142269441727,ROT+,0.0,0.229,0.0,1.0,0.0
1641727,Dariq Whitehead,2023,22,Duke,offensive_wing,guard,False,False,0.0,,,,0.0,77.75,217.2,82.25,4.5,True,,0.642002779902185,0.31602116590266427,0.04197605419515072,0.357997220097815,ROT+,0.0,0.0,0.0,1.0,0.0
1641713,GG Jackson,2023,45,South Carolina,stretch_big,wing,False,False,0.0,,,,0.0,80.25,214.4,83.5,3.25,True,,0.7212262918412937,0.24143384301593945,0.03733986514276678,0.2787737081587062,OUT,0.0,0.31447200000000003,0.0,1.0,0.0
1641733,Nick Smith Jr.,2023,27,Arkansas,secondary_creator,guard,False,False,0.0,,,,0.0,77.0,185.0,81.0,4.0,True,,0.6675579541047811,0.2986787348618308,0.03376331103338815,0.3324420458952189,ROT+,0.0,0.0,0.0,1.0,0.0
1641732,Colby Jones,2023,34,Xavier,secondary_creator,guard,False,False,0.0,,,,0.0,76.5,199.2,80.0,3.5,True,,0.5859577498703519,0.3818242033590313,0.0322180467706169,0.4140422501296482,ROT+,0.0,0.0,0.0,1.0,0.0
1641726,Dereck Lively II,2023,12,Duke,rim_runner,center,False,False,0.0,,,,0.0,85,230.0,91.0,7.0,True,,0.6677122923144931,0.3003574320788983,0.03193027560660856,0.33228770768550686,ROT+,0.0,0.30600000000000005,0.694,0.5488999999999999,0.0
1629618,Jalen Pickett,2023,32,Penn State,primary_creator,small_guard,False,False,0.0,,,,0.0,74.0,197.8,79.25,5.25,True,,0.6033214338861654,0.3658958108678285,0.030782755246006023,0.39667856611383456,ROT+,0.0,0.0,0.0,1.0,0.0
1641715,Cam Whitmore,2023,20,Villanova,offensive_wing,guard,False,False,0.0,,,,0.0,77.75,235.0,80.5,2.75,True,,0.3723554646451429,0.5991881105130668,0.028456424841790364,0.6276445353548571,ROT+,0.0,0.0,0.0,1.0,0.0
1641716,Jarace Walker,2023,8,Houston,rim_protector,wing,False,False,0.0,,,,0.0,78.5,248.6,86.5,8.0,True,,0.6255470479715142,0.3483295982572853,0.026123353771200477,0.3744529520284858,ROT+,0.0,0.2885979999999999,0.7114020000000001,0.5375886999999999,0.0
1641767,Ben Sheppard,2023,26,Belmont,two_way_wing,guard,False,False,0.0,,,,0.0,77.25,194.6,79.75,2.5,True,,0.8175367553572139,0.15869509175197805,0.02376815289080799,0.18246324464278604,OUT,0.0,0.0,0.0,1.0,0.0
1641730,Noah Clowney,2023,21,Alabama,stretch_big,forward_big,False,False,0.0,,,,0.0,82.0,210.0,86.0,4.0,True,,0.5441090845830381,0.43297757290945776,0.02291334250750417,0.4558909154169619,ROT+,0.0,0.1431369133858265,0.0,1.0,0.0
1641763,Julian Phillips,2023,35,Tennessee,offensive_wing,wing,False,False,0.0,,,,0.0,78.75,196.6,83.5,4.75,True,,0.5457911120778025,0.4321205771255042,0.02208831079669324,0.4542088879221975,ROT+,0.33091249999999994,0.0,0.0,1.0,0.0
1641753,Chris Livingston,2023,58,Kentucky,offensive_wing,wing,False,False,0.0,,,,0.0,78.0,219.2,83.25,5.25,True,,0.6935778709609406,0.28449162573444253,0.02193050330461693,0.30642212903905947,ROT+,0.1623915,0.0,0.0,1.0,0.0
1641775,Jordan Walsh,2023,38,Arkansas,offensive_wing,guard,False,False,0.0,,,,0.0,77.75,204.0,85.75,8.0,True,,0.5914219933681482,0.3867220822540738,0.021855924377778026,0.4085780066318518,ROT+,0.0,0.0,0.0,1.0,0.0
1631200,Kris Murray,2023,23,Iowa,stretch_big,wing,False,False,0.0,,,,0.0,79.75,212.8,83.75,4.0,True,,0.5260622252082723,0.45212152426430385,0.021816250527423864,0.4739377747917277,ROT+,0.0,0.40980454128440336,0.0,1.0,0.0
1641718,Keyonte George,2023,16,Baylor,secondary_creator,guard,False,False,0.0,,,,0.0,76.0,185.0,77.0,1.0,True,,0.7780917196781413,0.20037981190611712,0.021528468415741582,0.2219082803218587,OUT,0.0,0.0,0.0,1.0,0.0
1641738,Kobe Brown,2023,30,Missouri,stretch_big,wing,False,False,0.0,,,,0.0,78.5,252.2,84.75,6.25,True,,0.5624524663409717,0.41652933238148604,0.02101820127754229,0.4375475336590283,ROT+,0.0,0.4378083333333329,0.0,1.0,0.0
1641749,Keyontae Johnson,2023,50,Kansas State,offensive_wing,guard,False,False,0.0,,,,0.0,76.0,238.6,84.0,8.0,True,,0.6155929962457312,0.36362725609620106,0.020779747658067737,0.3844070037542688,ROT+,0.0,0.0,0.0,1.0,0.0
1641710,Anthony Black,2023,6,Arkansas,secondary_creator,guard,False,False,0.0,,,,0.0,77.75,210.0,79.5,1.75,True,,0.6774418171011094,0.3019709071614026,0.020587275737487996,0.3225581828988906,ROT+,0.0,0.0,0.0,1.0,0.0
1641748,Andre Jackson Jr.,2023,36,Connecticut,secondary_creator,guard,False,False,0.0,,,,0.0,77.5,198.4,81.75,4.25,True,,0.761178943331367,0.2207872810823117,0.01803377558632128,0.23882105666863296,OUT,0.0,0.0,0.0,1.0,0.0
1641740,Jaylen Clark,2023,53,California-Los Angeles,two_way_wing,guard,False,False,0.0,,,,0.0,76.0,204.2,81.0,5.0,True,,0.42095614984932883,0.5615390218902534,0.01750482826041773,0.5790438501506712,ROT+,0.0,0.0,0.0,1.0,0.0
1641757,Jordan Miller,2023,48,Miami (FL),offensive_wing,guard,False,False,0.0,,,,0.0,76.5,191.6,83.75,7.25,True,,0.43430231309175615,0.5483069785433036,0.01739070836494033,0.5656976869082438,ROT+,0.0,0.0,0.0,1.0,0.0
1641754,Seth Lundy,2023,46,Penn State,offensive_wing,guard,False,False,0.0,,,,0.0,76.0,214.4,82.25,6.25,True,,0.4913810675086062,0.4913140487232211,0.01730488376817269,0.5086189324913938,ROT+,0.0,0.0,0.0,1.0,0.0
1641765,Olivier-Maxence Prosper,2023,24,Marquette,stretch_big,wing,False,False,0.0,,,,0.0,78.75,212.4,85.0,6.25,True,,0.6367476638478875,0.346650758753173,0.01660157739893945,0.3632523361521125,ROT+,0.0,0.23291331775700908,0.0,1.0,0.0
1641722,Jordan Hawkins,2023,14,Connecticut,offensive_wing,guard,False,False,0.0,,,,0.0,76.25,186.0,78.75,2.5,True,,0.705808730566545,0.27894467798856876,0.015246591444886187,0.29419126943345497,OUT,0.0,0.0,0.0,1.0,0.0
1641816,Hunter Tyson,2023,37,Clemson,offensive_wing,wing,False,False,0.0,,,,0.0,80.0,215.0,81.75,1.75,True,,0.5192888032240939,0.4675586318644944,0.013152564911411754,0.4807111967759062,ROT+,0.280204,0.0,0.0,1.0,0.0
1631209,Isaiah Wong,2023,55,Miami (FL),secondary_creator,small_guard,False,False,0.0,,,,0.0,74.5,178.4,78.75,4.25,True,,0.8198035667659627,0.1714286542956389,0.00876777893839841,0.1801964332340373,OUT,0.0,0.0,0.0,1.0,0.0
1641739,Toumani Camara,2023,52,Dayton,rim_runner,wing,False,False,0.0,,,,0.0,79.0,220.4,84.5,5.5,True,,0.8697316660246318,0.12194803772887179,0.008320296246496469,0.13026833397536827,OUT,0.0,0.2723539999999997,0.0,1.0,0.0
1641771,Jalen Slawson,2023,54,Furman,playmaking_forward,wing,False,False,0.0,,,,0.0,78.5,221.6,83.75,5.25,True,,0.7269322416925605,0.26623545196634746,0.006832306341092041,0.2730677583074395,OUT,0.40290800000000004,0.5453166666666664,0.0,1.0,0.0
1630592,Jalen Wilson,2023,51,Kansas,secondary_creator,guard,False,False,0.0,,,,0.0,77.5,230.2,80.0,2.5,True,,0.9705557808864101,0.027967298766953145,0.0014769203466367378,0.02944421911358988,OUT,0.0,0.0,0.0,1.0,0.0
1641729,Brice Sensabaugh,2023,28,Ohio State,offensive_wing,wing,False,False,0.0,,,,0.0,78.0,235.0,,,False,"wingspan,wingspan_height_diff",,,,,UNSCORED_MISSING_DATA,0.6066249999999997,0.0,0.0,1.0,0.0
1631095,Jabari Smith Jr.,2022,3,Auburn,playmaking_forward,forward_big,False,False,0.0,,,,0.0,82.0,250.0,85.0,3.0,True,,0.019755770579756415,0.7142011000181347,0.2660431294021088,0.9802442294202436,ROT+,0.8928440277777778,0.6402166666666664,0.0,1.0,0.0
1631096,Chet Holmgren,2022,2,Gonzaga,stretch_big,center,False,False,0.0,,,,0.0,84.0,195.0,90.0,6.0,True,,0.14968158443655677,0.6243906913083584,0.22592772425508476,0.8503184155634432,ROT+,0.0,0.630196654275093,0.36980334572490703,0.7596278252788105,0.0
1631094,Paolo Banchero,2022,1,Duke,dominant_big,forward_big,False,False,0.0,,,,0.0,82.0,250.0,84.5,2.5,True,,0.049493997225195874,0.7663290940792696,0.1841769086955345,0.9505060027748041,ROT+,0.0,0.5082333333333332,0.0,1.0,0.0
1631103,Malaki Branham,2022,20,Ohio State,secondary_creator,guard,False,False,0.0,,,,0.0,76.0,194.8,82.0,6.0,True,,0.22323023538002051,0.6219773047543171,0.15479245986566237,0.7767697646199795,ROT+,0.0,0.0,0.0,1.0,0.0
1631100,AJ Griffin,2022,16,Duke,offensive_wing,wing,False,False,0.0,,,,0.0,78.0,222.0,84.0,6.0,True,,0.2262421220128109,0.634958237476412,0.13879964051077706,0.7737578779871891,ROT+,0.3441313666666666,0.0,0.0,1.0,0.0
1631105,Jalen Duren,2022,13,Memphis,rim_runner,forward_big,False,False,0.0,,,,0.0,83.0,250.0,89.0,6.0,True,,0.34932826231601355,0.5163686409278109,0.13430309675617555,0.6506717376839865,ROT+,0.0,0.41865296442687727,0.5813470355731227,0.6221244268774702,0.0
1631114,Jalen Williams,2022,12,Santa Clara,secondary_creator,guard,False,False,0.0,,,,0.0,76.5,209.2,86.25,9.75,True,,0.08753627059795688,0.8098129906591873,0.10265073874285584,0.9124637294020431,ROT+,0.0,0.0,0.0,1.0,0.0
1631128,Christian Braun,2022,21,Kansas,offensive_wing,guard,False,False,0.0,,,,0.0,77.5,209.2,78.5,1.0,True,,0.12390583953845136,0.7740800799149049,0.10201408054664375,0.8760941604615486,ROT+,0.0,0.0,0.0,1.0,0.0
1629614,Andrew Nembhard,2022,31,Gonzaga,secondary_creator,guard,False,False,0.0,,,,0.0,75.0,195.6,77.75,2.75,True,,0.41741230623855996,0.48476180262330215,0.09782589113813785,0.58258769376144,ROT+,0.0,0.0,0.0,1.0,0.0
1631169,Josh Minott,2022,45,Memphis,rim_runner,wing,False,False,0.0,,,,0.0,80.0,205.0,83.0,3.0,True,,0.3204667143831571,0.5844046773632223,0.09512860825362054,0.6795332856168429,ROT+,0.3567993150684932,0.42011084474885807,0.0,1.0,0.0
1631113,Kennedy Chandler,2022,38,Tennessee,secondary_creator,small_guard,False,False,0.0,,,,0.0,71.5,172.2,77.25,5.75,True,,0.3383907220862633,0.5698825039474832,0.0917267739662535,0.6616092779137367,ROT+,0.0,0.0,0.0,1.0,0.0
1631211,Trevor Keels,2022,42,Duke,offensive_wing,guard,False,False,0.0,,,,0.0,75.25,223.8,79.25,4.0,True,,0.2758273603819156,0.6326784993702258,0.09149414024785874,0.7241726396180845,ROT+,0.0,0.0,0.0,1.0,0.0
1631212,Peyton Watson,2022,30,California-Los Angeles,role_player,wing,False,False,0.0,,,,0.0,78.75,203.4,84.5,5.75,True,,0.5093443193495171,0.404188918042796,0.08646676260768692,0.49065568065048293,ROT+,0.3737499999999999,0.0,0.0,1.0,0.0
1631116,Patrick Baldwin Jr.,2022,28,Wisconsin-Milwaukee,secondary_creator,forward_big,False,False,0.0,,,,0.0,81.25,230.8,85.75,4.5,True,,0.657704249593613,0.2567017119347095,0.08559403847167749,0.34229575040638693,ROT+,0.6265200000000001,0.0,0.0,1.0,0.0
1631157,Ryan Rollins,2022,44,Toledo,secondary_creator,small_guard,False,False,0.0,,,,0.0,74.0,179.2,81.75,7.75,True,,0.6626714400593836,0.25206583311400743,0.08526272682660896,0.3373285599406164,ROT+,0.0,0.0,0.0,1.0,0.0
1631108,Max Christie,2022,35,Michigan State,two_way_wing,guard,False,False,0.0,,,,0.0,76.25,189.2,80.75,4.5,True,,0.3916630272004734,0.5293405002629779,0.07899647253654868,0.6083369727995265,ROT+,0.0,0.0,0.0,1.0,0.0
1631109,Mark Williams,2022,15,Duke,rim_runner,center,False,False,0.0,,,,0.0,84.0,242.4,90.5,6.5,True,,0.5245752477249392,0.4012536223516854,0.07417112992337536,0.47542475227506076,ROT+,0.0,0.4058243902439025,0.5941756097560975,0.6137858536585366,0.0
1630534,Ochai Agbaji,2022,14,Kansas,offensive_wing,guard,False,False,0.0,,,,0.0,76.5,216.8,82.25,5.75,True,,0.28311146347315397,0.6444822876881816,0.07240624883866438,0.716888536526846,ROT+,0.0,0.0,0.0,1.0,0.0
1631117,Walker Kessler,2022,22,Auburn,rim_runner,center,False,False,0.0,,,,0.0,84.25,256.0,88.25,4.25,True,,0.23061696069943138,0.7024136487210884,0.06696939057948026,0.7693830393005686,ROT+,0.0,0.3200736033519552,0.6799263966480448,0.5580478421787709,0.0
1631120,JD Davison,2022,53,Alabama,secondary_creator,small_guard,False,False,0.0,,,,0.0,72.5,191.8,78.5,6.0,True,,0.46822380119741064,0.46596406940282603,0.0658121293997633,0.5317761988025893,ROT+,0.0,0.0,0.0,1.0,0.0
1631133,Jabari Walker,2022,57,Colorado,stretch_big,wing,False,False,0.0,,,,0.0,78.75,213.8,82.75,4.0,True,,0.38087120096017524,0.5536926953160952,0.06543610372372956,0.6191287990398248,ROT+,0.0,0.5848083333333332,0.0,1.0,0.0
1631110,Jeremy Sochan,2022,9,Baylor,stretch_big,forward_big,False,False,0.0,,,,0.0,81.0,230.0,84.0,3.0,True,,0.19490159140549623,0.741431666701968,0.06366674189253574,0.8050984085945038,ROT+,0.0,0.23228800000000005,0.0,1.0,0.0
1631112,Kendall Brown,2022,48,Baylor,offensive_wing,wing,False,False,0.0,,,,0.0,78.25,201.2,83.0,4.75,True,,0.6178963135844777,0.32074471228086043,0.061358974134661876,0.3821036864155223,ROT+,0.23257830000000002,0.0,0.0,1.0,0.0
1631102,TyTy Washington Jr.,2022,29,Kentucky,secondary_creator,small_guard,False,False,0.0,,,,0.0,74.25,196.4,80.0,5.75,True,,0.5504733410666299,0.3928746586019641,0.056652000331405855,0.44952665893336996,ROT+,0.0,0.0,0.0,1.0,0.0
1631097,Bennedict Mathurin,2022,6,Arizona,two_way_wing,guard,False,False,0.0,,,,0.0,76.5,204.6,81.0,4.5,True,,0.1623026878727255,0.7811667832180779,0.05653052890919661,0.8376973121272745,ROT+,0.0,0.0,0.0,1.0,0.0
1631121,Bryce McGowens,2022,40,Nebraska,two_way_wing,guard,False,False,0.0,,,,0.0,77.25,181.2,80.75,3.5,True,,0.30067770681787576,0.6520022791653592,0.04732001401676496,0.6993222931821242,ROT+,0.0,0.0,0.0,1.0,0.0
1631207,Dalen Terry,2022,18,Arizona State,secondary_creator,wing,False,False,0.0,,,,0.0,78.0,195.2,84.75,6.75,True,,0.6176369472061889,0.3365721620066166,0.045790890787194456,0.38236305279381105,ROT+,0.24559999999999998,0.0,0.0,1.0,0.0
1631099,Keegan Murray,2022,4,Iowa,rim_runner,wing,False,False,0.0,,,,0.0,80.0,215.0,83.0,3.0,True,,0.12304748766169915,0.832515722600426,0.0444367897378749,0.8769525123383008,ROT+,0.0,0.6149499999999998,0.3850500000000002,0.7497174999999998,0.0
1631093,Jaden Ivey,2022,5,Purdue,secondary_creator,guard,False,False,0.0,,,,0.0,76.0,200.0,81.5,5.5,True,,0.24071974807423635,0.7164932833335149,0.04278696859224873,0.7592802519257636,ROT+,0.0,0.0,0.0,1.0,0.0
1631217,Moussa Diabaté,2022,43,Michigan,rim_runner,forward_big,False,False,0.0,,,,0.0,81.25,216.6,86.5,5.25,True,,0.7910221897832013,0.16963843201793255,0.0393393781988662,0.20897781021679876,OUT,0.0,0.09987499999999969,0.0,1.0,0.0
1631223,David Roddy,2022,23,Colorado State,rim_runner,guard,False,False,0.0,,,,0.0,76.5,260.8,83.5,7.0,True,,0.3246857082280138,0.6392296750190617,0.03608461675292453,0.6753142917719862,ROT+,0.0,0.6401666666666663,0.0,1.0,0.0
1631104,Blake Wesley,2022,25,Notre Dame,secondary_creator,guard,False,False,0.0,,,,0.0,75.0,187.2,81.25,6.25,True,,0.697849915430168,0.2662721080304531,0.03587797653937881,0.3021500845698319,ROT+,0.0,0.0,0.0,1.0,0.0
1631216,Caleb Houstan,2022,32,Michigan,two_way_wing,wing,False,False,0.0,,,,0.0,80.0,205.0,84.0,4.0,True,,0.4655046346193862,0.5017658879953046,0.03272947738530914,0.5344953653806138,ROT+,0.26846749999999997,0.0,0.0,1.0,0.0
1631111,Wendell Moore Jr.,2022,26,Duke,secondary_creator,guard,False,False,0.0,,,,0.0,76.25,217.2,84.5,8.25,True,,0.6659983845699646,0.30310645295099803,0.03089516247903729,0.3340016154300353,ROT+,0.0,0.0,0.0,1.0,0.0
1631132,Christian Koloko,2022,33,Arizona,rim_runner,forward_big,False,False,0.0,,,,0.0,82.75,221.0,89.25,6.5,True,,0.45729939222578475,0.5146763515590499,0.028024256215165407,0.5427006077742152,ROT+,0.0,0.3038719273743016,0.6961280726256984,0.547516752793296,0.0
1631119,Jaylin Williams,2022,34,Arkansas,rim_runner,wing,False,False,0.0,,,,0.0,80.75,236.6,85.0,4.25,True,,0.48952838373317864,0.48705852137007566,0.023413094896745697,0.5104716162668214,ROT+,0.0,0.27559999999999996,0.0,1.0,0.0
1631246,Vince Williams Jr.,2022,47,Virginia Commonwealth,offensive_wing,wing,False,False,0.0,,,,0.0,78.0,210.0,84.0,6.0,True,,0.41440603431692524,0.563161226992338,0.022432738690736777,0.5855939656830748,ROT+,0.305588,0.0,0.0,1.0,0.0
1631222,Jake LaRavia,2022,19,Wake Forest,rim_runner,wing,False,False,0.0,,,,0.0,78.75,227.2,81.5,2.75,True,,0.6186894853936326,0.35894369105841467,0.02236682354795287,0.38131051460636756,ROT+,0.0,0.5334249999999996,0.0,1.0,0.0
1631213,Tyrese Martin,2022,51,Connecticut,offensive_wing,wing,False,False,0.0,,,,0.0,78.0,215.0,80.0,2.0,True,,0.5350722633152636,0.4452133900634334,0.019714346621302954,0.46492773668473636,ROT+,0.10343111111111108,0.0,0.0,1.0,0.0
1630604,E.J. Liddell,2022,41,Ohio State,rim_protector,guard,False,False,0.0,,,,0.0,77.5,243.0,83.75,6.25,True,,0.6119099517493389,0.3690577374287459,0.019032310821915203,0.3880900482506611,ROT+,0.0,0.6433749999999997,0.3566250000000003,0.7681937499999998,0.0
1631098,Johnny Davis,2022,10,Wisconsin,secondary_creator,guard,False,False,0.0,,,,0.0,76.25,196.4,80.5,4.25,True,,0.6465741860884167,0.3359696687874356,0.017456145124147754,0.35342581391158334,ROT+,0.0,0.0,0.0,1.0,0.0
1630600,Isaiah Mobley,2022,49,Southern California,stretch_big,forward_big,False,False,0.0,,,,0.0,82.0,235.0,87.0,5.0,True,,0.49508055583110966,0.48851208394983964,0.01640736021905071,0.5049194441688903,ROT+,0.0,0.30255999999999994,0.0,1.0,0.0
1631106,Tari Eason,2022,17,Louisiana State,rim_runner,wing,False,False,0.0,,,,0.0,78.75,217.4,86.0,7.25,True,,0.6768835690874081,0.30804249335958866,0.015073937553003229,0.3231164309125919,ROT+,0.0,0.6209416666666663,0.3790583333333337,0.7536120833333331,0.0
1631101,Shaedon Sharpe,2022,7,Kentucky,role_path,guard,False,False,0.0,,,,0.0,76.25,198.0,83.5,7.25,False,"college_usg_pct,college_ast_pct,college_tov_pct,college_ts_pct,college_efg_pct,college_ftr,college_fg3a_rate,college_fg3_pct,college_ft_pct,college_fg_pct,college_mpg,pts_per_40,ast_per_40,years_in_college,college_usg_pct_fold_expected,college_usg_pct_fold_vs_expected,college_ast_pct_fold_expected,college_ast_pct_fold_vs_expected,college_tov_pct_fold_expected,college_tov_pct_fold_vs_expected,college_ftr_fold_expected,college_ftr_fold_vs_expected,college_fg3a_rate_fold_expected,college_fg3a_rate_fold_vs_expected,college_ast_pct_usage_fold_expected,college_ast_pct_usage_fold_adjusted,college_tov_pct_usage_fold_expected,college_tov_pct_usage_fold_adjusted,college_ftr_usage_fold_expected,college_ftr_usage_fold_adjusted,college_fg3a_rate_usage_fold_expected,college_fg3a_rate_usage_fold_adjusted,final_ast_pct_season_fold_residual,final_tov_pct_season_fold_residual,final_ts_pct_season_fold_residual,final_ftr_season_fold_residual,fresh_ast_pct_season_fold_residual,fresh_tov_pct_season_fold_residual,fresh_ts_pct_season_fold_residual,fresh_ftr_season_fold_residual,avg_ast_pct_season_fold_residual,avg_tov_pct_season_fold_residual,avg_ts_pct_season_fold_residual,avg_ftr_season_fold_residual,max_ast_pct_season_fold_residual,max_tov_pct_season_fold_residual,max_ts_pct_season_fold_residual,max_ftr_season_fold_residual,traj_ast_pct_season_fold_residual,traj_tov_pct_season_fold_residual,traj_ts_pct_season_fold_residual,traj_ftr_season_fold_residual,wavg_ast_pct_season_fold_residual,wavg_tov_pct_season_fold_residual,wavg_ts_pct_season_fold_residual,wavg_ftr_season_fold_residual",,,,,UNSCORED_MISSING_DATA,0.0,0.0,0.0,1.0,0.0
1630595,Cade Cunningham,2021,1,Oklahoma State,secondary_creator,wing,False,False,0.0,,,,0.0,80.0,220.0,84.25,4.25,True,,0.07484279018705486,0.4395478205751078,0.48560938923783736,0.9251572098129451,STAR,0.7778025,0.0,0.0,1.0,0.0
1630596,Evan Mobley,2021,3,Southern California,dominant_big,center,False,False,0.0,,,,0.0,84.0,210.0,88.0,4.0,True,,0.05226586353877094,0.539170778465478,0.40856335799575105,0.9477341364612291,STAR,0.0,0.607144542772861,0.392855457227139,0.7446439528023596,0.0
1630591,Jalen Suggs,2021,5,Gonzaga,secondary_creator,guard,False,False,0.0,,,,0.0,76.0,205.0,77.0,1.0,True,,0.09693332184016368,0.6399851599551161,0.2630815182047202,0.9030666781598362,ROT+,0.0,0.0,0.0,1.0,0.0
1630552,Jalen Johnson,2021,20,Duke,rim_runner,wing,False,False,0.0,,,,0.0,79.75,209.6,84.25,4.5,True,,0.24558171318052457,0.49413072135687547,0.26028756546259996,0.7544182868194754,ROT+,0.0,0.5468449999999997,0.4531550000000003,0.7054492499999998,0.0
1630245,Ayo Dosunmu,2021,38,Illinois,secondary_creator,guard,False,False,0.0,,,,0.0,75.5,194.4,82.25,6.75,True,,0.2408988034912043,0.5082992236436112,0.2508019728651845,0.7591011965087957,ROT+,0.0,0.0,0.0,1.0,0.0
1630560,Cam Thomas,2021,27,Louisiana State,two_way_wing,guard,False,False,0.0,,,,0.0,76.0,210.0,78.74,2.739999999999995,True,,0.0741946490181341,0.7241925317725368,0.201612819209329,0.9258053509818658,ROT+,0.0,0.0,0.0,1.0,0.0
1630532,Franz Wagner,2021,8,Michigan,offensive_wing,forward_big,False,False,0.0,,,,0.0,81.0,220.0,84.0,3.0,True,,0.019360024273463394,0.8168089082838768,0.16383106744265982,0.9806399757265366,ROT+,0.4813499999999999,0.0,0.0,1.0,0.0
1630681,Marcus Zegarowski,2021,49,Creighton,secondary_creator,small_guard,False,False,0.0,,,,0.0,72.75,180.8,74.75,2.0,True,,0.3586070603713871,0.48384304136917433,0.15754989825943858,0.6413929396286129,ROT+,0.0,0.0,0.0,1.0,0.0
1630567,Scottie Barnes,2021,4,Florida State,secondary_creator,wing,False,False,0.0,,,,0.0,79.0,225.4,86.75,7.75,True,,0.11655988119304928,0.7304801401076744,0.15295997869927633,0.8834401188069507,ROT+,0.2953263888888888,0.0,0.0,1.0,0.0
1630533,Ziaire Williams,2021,10,Stanford,secondary_creator,wing,False,False,0.0,,,,0.0,80.25,188.4,82.25,2.0,True,,0.4281273736929908,0.4390990839352552,0.13277354237175398,0.5718726263070092,ROT+,0.6020825000000001,0.0,0.0,1.0,0.0
1630531,Jaden Springer,2021,28,Tennessee,secondary_creator,guard,False,False,0.0,,,,0.0,75.0,202.0,79.75,4.75,True,,0.5697168418646591,0.3081790401503043,0.12210411798503673,0.430283158135341,ROT+,0.0,0.0,0.0,1.0,0.0
1630528,Josh Christopher,2021,24,Arizona State,role_player,guard,False,False,0.0,,,,0.0,75.25,214.8,81.25,6.0,True,,0.2748066567799571,0.6251144969115809,0.10007884630846198,0.7251933432200429,ROT+,0.0,0.0,0.0,1.0,0.0
1629674,Neemias Queta,2021,39,Utah State,rim_runner,forward_big,False,False,0.0,,,,0.0,83.25,248.4,88.0,4.75,True,,0.3584226709021583,0.5437409397156359,0.0978363893822059,0.6415773290978417,ROT+,0.0,0.5448899999999999,0.4551100000000001,0.7041784999999999,0.0
1630536,Sharife Cooper,2021,48,Auburn,secondary_creator,small_guard,False,False,0.0,,,,0.0,73.0,180.0,75.5,2.5,True,,0.4441793811550996,0.46760691474102684,0.08821370410387357,0.5558206188449004,ROT+,0.0,0.0,0.0,1.0,0.0
1630530,Trey Murphy III,2021,17,Virginia,offensive_wing,wing,False,False,0.0,,,,0.0,79.5,206.0,84.0,4.5,True,,0.10084792984411672,0.8147287556566359,0.08442331449924738,0.8991520701558833,ROT+,0.26319400000000004,0.0,0.0,1.0,0.0
1630550,JT Thor,2021,37,Auburn,stretch_big,wing,False,False,0.0,,,,0.0,80.5,203.0,87.25,6.75,True,,0.4308872774574962,0.49327916512694225,0.07583355741556154,0.5691127225425038,ROT+,0.0,0.22613333333333324,0.0,1.0,0.0
1630537,Chris Duarte,2021,13,Oregon,offensive_wing,wing,False,False,0.0,,,,0.0,78.0,190.0,79.0,1.0,True,,0.1102356446723265,0.8152645855397236,0.07449976978794991,0.8897643553276735,ROT+,0.3400500000000001,0.0,0.0,1.0,0.0
1630558,Davion Mitchell,2021,9,Baylor,secondary_creator,small_guard,False,False,0.0,,,,0.0,72.0,202.4,76.25,4.25,True,,0.29314257363172014,0.6339029747515322,0.07295445161674763,0.7068574263682799,ROT+,0.0,0.0,0.0,1.0,0.0
1630544,Tre Mann,2021,18,Florida,secondary_creator,guard,False,False,0.0,,,,0.0,75.25,177.6,76.0,0.75,True,,0.5373670357323238,0.397924013473957,0.06470895079371924,0.46263296426767625,ROT+,0.0,0.0,0.0,1.0,0.0
1630553,Keon Johnson,2021,21,Tennessee,secondary_creator,guard,False,False,0.0,,,,0.0,75.5,184.8,79.25,3.75,True,,0.7409022747575987,0.19479382561471084,0.06430389962769048,0.2590977252424013,OUT,0.0,0.0,0.0,1.0,0.0
1630598,Aaron Wiggins,2021,55,Maryland,offensive_wing,guard,False,False,0.0,,,,0.0,76.5,190.0,81.75,5.25,True,,0.24096620483027065,0.6995876159158051,0.05944617925392423,0.7590337951697294,ROT+,0.0,0.0,0.0,1.0,0.0
1630215,Jared Butler,2021,40,Baylor,secondary_creator,small_guard,False,False,0.0,,,,0.0,74.25,193.0,76.0,1.75,True,,0.5587219886963262,0.3821934625191111,0.059084548784562665,0.4412780113036738,ROT+,0.0,0.0,0.0,1.0,0.0
1630540,Miles McBride,2021,36,West Virginia,secondary_creator,small_guard,False,False,0.0,,,,0.0,73.0,195.2,80.75,7.75,True,,0.07329545501720736,0.8690511653280264,0.05765337965476634,0.9267045449827928,ROT+,0.0,0.0,0.0,1.0,0.0
1630557,Corey Kispert,2021,15,Gonzaga,offensive_wing,wing,False,False,0.0,,,,0.0,78.0,223.8,79.0,1.0,True,,0.2429721609311496,0.7037685959411405,0.0532592431277099,0.7570278390688504,ROT+,0.16041599999999998,0.0,0.0,1.0,0.0
1630538,Bones Hyland,2021,26,Virginia Commonwealth,secondary_creator,small_guard,False,False,0.0,,,,0.0,74.0,169.0,81.25,7.25,True,,0.597874846781817,0.34928698700108324,0.05283816621709985,0.4021251532181831,ROT+,0.0,0.0,0.0,1.0,0.0
1630563,Joshua Primo,2021,12,Alabama,offensive_wing,guard,False,False,0.0,,,,0.0,76.0,189.0,81.25,5.25,True,,0.749010729741494,0.19939209586783296,0.05159717439067317,0.25098927025850615,OUT,0.0,0.0,0.0,1.0,0.0
1630638,Balsa Koprivica,2021,57,Florida State,rim_runner,center,False,False,0.0,,,,0.0,84.0,240.0,87.25,3.25,True,,0.2849182338023608,0.664266068893358,0.0508156973042812,0.7150817661976392,ROT+,0.0,0.442213698630137,0.0,1.0,0.0
1630554,Jason Preston,2021,33,Ohio,secondary_creator,guard,False,False,0.0,,,,0.0,75.0,180.6,80.5,5.5,True,,0.27283016723961817,0.6785584711205717,0.04861136163981011,0.7271698327603817,ROT+,0.0,0.0,0.0,1.0,0.0
1630583,Santi Aldama,2021,30,Loyola-Maryland,playmaking_forward,forward_big,False,False,0.0,,,,0.0,83.0,215.0,83.0,0.0,True,,0.6112014223908016,0.34301741107732603,0.04578116653187238,0.3887985776091984,ROT+,0.0,0.46981699999999976,0.0,1.0,0.0
1630529,Herbert Jones,2021,35,Alabama,two_way_wing,wing,False,False,0.0,,,,0.0,78.0,206.4,84.25,6.25,True,,0.4026132259150187,0.5538204415289134,0.04356633255606788,0.5973867740849813,ROT+,0.13784444444444435,0.0,0.0,1.0,0.0
1630556,Kessler Edwards,2021,44,Pepperdine,stretch_big,wing,False,False,0.0,,,,0.0,79.0,203.0,83.25,4.25,True,,0.5675334461492669,0.3890115976030635,0.043454956247669554,0.432466553850733,ROT+,0.0,0.33511529535864953,0.0,1.0,0.0
1630568,Luka Garza,2021,52,Iowa,rim_runner,forward_big,False,False,0.0,,,,0.0,82.0,242.8,85.5,3.5,True,,0.2902791261674005,0.666366106429276,0.04335476740332358,0.7097208738325995,ROT+,0.0,0.5632699999999998,0.0,1.0,0.0
1630543,Isaiah Jackson,2021,22,Kentucky,rim_runner,forward_big,False,False,0.0,,,,0.0,82.0,206.0,89.0,7.0,True,,0.6234647335704171,0.3338281791892522,0.042707087240330656,0.3765352664295829,ROT+,0.0,0.29979166666666635,0.7002083333333337,0.5448645833333331,0.0
1629646,Charles Bassey,2021,53,Western Kentucky,rim_runner,forward_big,False,False,0.0,,,,0.0,81.25,230.2,87.0,5.75,True,,0.6180086594768186,0.33989382176804617,0.042097518755135316,0.3819913405231815,ROT+,0.0,0.5787497267759563,0.42125027322404374,0.7261873224043716,0.0
1630579,Jericho Sims,2021,58,Texas,rim_runner,forward_big,False,False,0.0,,,,0.0,81.0,250.2,87.25,6.25,True,,0.5824263424232088,0.3771407944175826,0.04043286315920865,0.4175736575767912,ROT+,0.0,0.26537499999999986,0.0,1.0,0.0
1630580,Joe Wieskamp,2021,41,Iowa,offensive_wing,guard,False,False,0.0,,,,0.0,77.75,204.8,83.0,5.25,True,,0.45124822217906657,0.5102745796053186,0.03847719821561482,0.5487517778209334,ROT+,0.0,0.0,0.0,1.0,0.0
1630587,Isaiah Livers,2021,42,Michigan,offensive_wing,guard,False,False,0.0,,,,0.0,77.75,231.8,81.25,3.5,True,,0.43286288360285197,0.529071812492804,0.038065303904344025,0.567137116397148,ROT+,0.0,0.0,0.0,1.0,0.0
1630535,Greg Brown III,2021,43,Texas,stretch_big,wing,False,False,0.0,,,,0.0,79.25,206.4,84.25,5.0,True,,0.7630971626354911,0.19899939738298073,0.03790343998152819,0.2369028373645089,OUT,0.0,0.3167,0.0,1.0,0.0
1630541,Moses Moody,2021,14,Arkansas,offensive_wing,guard,False,False,0.0,,,,0.0,76.5,210.6,84.75,8.25,True,,0.43898355859178506,0.524485299242301,0.03653114216591387,0.5610164414082149,ROT+,0.0,0.0,0.0,1.0,0.0
1630549,Day'Ron Sharpe,2021,29,North Carolina,rim_runner,forward_big,False,False,0.0,,,,0.0,83.0,265.0,84.0,1.0,True,,0.6337359953531609,0.33047567379066256,0.03578833085617656,0.3662640046468391,ROT+,0.0,0.45130000000000003,0.0,1.0,0.0
1630625,Dalano Banton,2021,46,Nebraska,secondary_creator,forward_big,False,False,0.0,,,,0.0,81.0,204.0,82.25,1.25,True,,0.5672813852791164,0.403453956331843,0.029264658389040667,0.4327186147208837,ROT+,0.33149444444444437,0.0,0.0,1.0,0.0
1630525,David Johnson,2021,47,Louisville,secondary_creator,guard,False,False,0.0,,,,0.0,75.25,202.8,82.5,7.25,True,,0.8057738497650718,0.16560633528283084,0.028619814952097332,0.19422615023492817,OUT,0.0,0.0,0.0,1.0,0.0
1630526,Jeremiah Robinson-Earl,2021,32,Villanova,rim_runner,wing,False,False,0.0,,,,0.0,79.75,242.4,81.75,2.0,True,,0.4572256103640856,0.5164761755260959,0.026298214109818474,0.5427743896359144,ROT+,0.0,0.34163333333333334,0.0,1.0,0.0
1630572,Sandro Mamukelashvili,2021,54,Seton Hall,stretch_big,forward_big,False,False,0.0,,,,0.0,81.0,239.8,85.25,4.25,True,,0.4430321262587147,0.5356691690996112,0.021298704641674153,0.5569678737412853,ROT+,0.0,0.29832,0.0,1.0,0.0
1630564,RaiQuan Gray,2021,59,Florida State,rim_runner,wing,False,False,0.0,,,,0.0,78.5,268.6,82.75,4.25,True,,0.7105982827327373,0.2681603772001645,0.021241340067098272,0.28940171726726277,OUT,0.0,0.3578333333333333,0.0,1.0,0.0
1630547,James Bouknight,2021,11,Connecticut,secondary_creator,guard,False,False,0.0,,,,0.0,75.5,190.0,80.25,4.75,True,,0.6738439096070259,0.30673413302012315,0.019421957372850948,0.3261560903929741,ROT+,0.0,0.0,0.0,1.0,0.0
1630575,Scottie Lewis,2021,56,Florida,two_way_wing,guard,False,False,0.0,,,,0.0,76.0,187.6,84.0,8.0,True,,0.5992806810436144,0.3824256373027583,0.018293681653627318,0.40071931895638563,ROT+,0.0,0.0,0.0,1.0,0.0
1630539,Kai Jones,2021,19,Texas,rim_runner,forward_big,False,False,0.0,,,,0.0,82.0,221.4,85.75,3.75,True,,0.7353547578008277,0.24971727846549202,0.01492796373368033,0.26464524219917235,OUT,0.0,0.2563999999999998,0.0,1.0,0.0
1629656,Quentin Grimes,2021,25,Houston,two_way_wing,guard,False,False,0.0,,,,0.0,76.0,205.0,80.0,4.0,True,,0.7657212146488023,0.2234464869286519,0.01083229842254586,0.23427878535119775,OUT,0.0,0.0,0.0,1.0,0.0
1630527,Brandon Boston,2021,51,Kentucky,two_way_wing,guard,False,False,0.0,,,,0.0,77.75,188.0,82.75,5.0,True,,0.7603725566846029,0.23025391149423635,0.009373531821160738,0.2396274433153971,OUT,0.0,0.0,0.0,1.0,0.0
1630586,Usman Garuba,2021,23,Madrid (ESP),missing_profile,unknown_size,False,False,0.0,,,,0.0,,,86.0,,False,"college_usg_pct,college_ast_pct,college_tov_pct,college_ts_pct,college_efg_pct,college_ftr,college_fg3a_rate,college_fg3_pct,college_ft_pct,college_fg_pct,prospect_archetype,size_bucket,height_wo_shoes,weight,wingspan_height_diff,college_mpg,pts_per_40,ast_per_40,college_sos,years_in_college,college_usg_pct_fold_expected,college_usg_pct_fold_vs_expected,college_ast_pct_fold_expected,college_ast_pct_fold_vs_expected,college_tov_pct_fold_expected,college_tov_pct_fold_vs_expected,college_ftr_fold_expected,college_ftr_fold_vs_expected,college_fg3a_rate_fold_expected,college_fg3a_rate_fold_vs_expected,college_ast_pct_usage_fold_expected,college_ast_pct_usage_fold_adjusted,college_tov_pct_usage_fold_expected,college_tov_pct_usage_fold_adjusted,college_ftr_usage_fold_expected,college_ftr_usage_fold_adjusted,college_fg3a_rate_usage_fold_expected,college_fg3a_rate_usage_fold_adjusted,final_ast_pct_season_fold_residual,final_tov_pct_season_fold_residual,final_ts_pct_season_fold_residual,final_ftr_season_fold_residual,fresh_ast_pct_season_fold_residual,fresh_tov_pct_season_fold_residual,fresh_ts_pct_season_fold_residual,fresh_ftr_season_fold_residual,avg_ast_pct_season_fold_residual,avg_tov_pct_season_fold_residual,avg_ts_pct_season_fold_residual,avg_ftr_season_fold_residual,max_ast_pct_season_fold_residual,max_tov_pct_season_fold_residual,max_ts_pct_season_fold_residual,max_ftr_season_fold_residual,traj_ast_pct_season_fold_residual,traj_tov_pct_season_fold_residual,traj_ts_pct_season_fold_residual,traj_ftr_season_fold_residual,wavg_ast_pct_season_fold_residual,wavg_tov_pct_season_fold_residual,wavg_ts_pct_season_fold_residual,wavg_ftr_season_fold_residual",,,,,UNSCORED_MISSING_DATA,0.0,0.0,0.0,1.0,0.0
1630175,Cole Anthony,2020,15,North Carolina,secondary_creator,guard,False,False,0.0,,,,0.0,75.0,190.0,76.5,1.5,True,,0.08386962586821822,0.5572587993427378,0.358871574789044,0.9161303741317819,ROT+,0.0,0.0,0.0,1.0,0.0
1630191,Isaiah Stewart,2020,16,Washington,rim_runner,wing,False,False,0.0,,,,0.0,79.25,243.0,88.75,9.5,True,,0.10173153417676328,0.6166229202810052,0.2816455455422316,0.8982684658232367,ROT+,0.0,0.6218946687370598,0.0,1.0,0.0
1630169,Tyrese Haliburton,2020,12,Iowa State,secondary_creator,guard,False,False,0.0,,,,0.0,77.0,175.0,80.0,3.0,True,,0.027670254674084127,0.7175377879511274,0.25479195737478844,0.9723297453259159,ROT+,0.0,0.0,0.0,1.0,0.0
1630216,Cassius Winston,2020,53,Michigan State,secondary_creator,small_guard,False,False,0.0,,,,0.0,72.5,196.0,78.0,5.5,True,,0.37570123800761157,0.395367169468119,0.22893159252426945,0.6242987619923884,ROT+,0.0,0.0,0.0,1.0,0.0
1630178,Tyrese Maxey,2020,21,Kentucky,secondary_creator,guard,False,False,0.0,,,,0.0,75.0,198.0,78.0,3.0,True,,0.09492217388384107,0.6878681095343308,0.2172097165818282,0.905077826116159,ROT+,0.0,0.0,0.0,1.0,0.0
1630174,Aaron Nesmith,2020,14,Vanderbilt,offensive_wing,wing,False,False,0.0,,,,0.0,78.0,213.0,82.0,4.0,True,,0.11917372510821223,0.6868046632152409,0.1940216116765468,0.8808262748917877,ROT+,0.3626129032258065,0.0,0.0,1.0,0.0
1630183,Jaden McDaniels,2020,28,Washington,playmaking_forward,forward_big,False,False,0.0,,,,0.0,81.0,200.0,83.5,2.5,True,,0.14234923273073596,0.6659475097838814,0.1917032574853827,0.8576507672692641,ROT+,0.6233966000000001,0.49146666666666666,0.0,1.0,0.0
1630217,Desmond Bane,2020,30,Texas Christian,offensive_wing,wing,False,False,0.0,,,,0.0,78.0,215.0,76.0,-2.0,True,,0.022033577259596093,0.8039878309831359,0.17397859175726807,0.9779664227404039,ROT+,0.26031200000000004,0.0,0.0,1.0,0.0
1630162,Anthony Edwards,2020,1,Georgia,secondary_creator,guard,False,False,0.0,,,,0.0,77.0,225.0,81.0,4.0,True,,0.08233083943061137,0.7442661958885067,0.17340296468088193,0.9176691605693886,ROT+,0.0,0.0,0.0,1.0,0.0
1630179,Tyrell Terry,2020,31,Stanford,secondary_creator,small_guard,False,False,0.0,,,,0.0,73.5,170.0,73.75,0.25,True,,0.2889300704737682,0.5407035364658753,0.1703663930603565,0.7110699295262318,ROT+,0.0,0.0,0.0,1.0,0.0
1630185,Nico Mannion,2020,48,Arizona,secondary_creator,guard,False,False,0.0,,,,0.0,75.0,190.0,74.5,-0.5,True,,0.39180132096513676,0.48692775360331786,0.12127092543154541,0.6081986790348632,ROT+,0.0,0.0,0.0,1.0,0.0
1630240,Saben Lee,2020,38,Vanderbilt,two_way_wing,small_guard,False,False,0.0,,,,0.0,74.0,183.0,81.0,7.0,True,,0.10546814716094266,0.7760051235312317,0.1185267293078256,0.8945318528390573,ROT+,0.0,0.0,0.0,1.0,0.0
1630214,Xavier Tillman,2020,35,Michigan State,rim_runner,wing,False,False,0.0,,,,0.0,79.5,266.5,86.0,6.5,True,,0.145391001635076,0.7422769929886964,0.11233200537622758,0.854608998364924,ROT+,0.0,0.4959267605633799,0.5040732394366201,0.6723523943661969,0.0
1630172,Patrick Williams,2020,4,Florida State,two_way_wing,wing,False,False,0.0,,,,0.0,80.0,225.0,83.0,3.0,True,,0.17635384527965536,0.7161446199675865,0.1075015347527581,0.8236461547203446,ROT+,0.5519999999999998,0.0,0.0,1.0,0.0
1630192,Zeke Nnaji,2020,22,Arizona,rim_runner,forward_big,False,False,0.0,,,,0.0,81.25,246.8,86.0,4.75,True,,0.5349618526309852,0.3647342723467202,0.10030387502229461,0.4650381473690148,ROT+,0.0,0.5963010314875135,0.0,1.0,0.0
1630168,Onyeka Okongwu,2020,6,Southern California,rim_runner,forward_big,False,False,0.0,,,,0.0,81.0,245.0,86.0,5.0,True,,0.1488283459188805,0.7530510532448134,0.09812060083630608,0.8511716540811194,ROT+,0.0,0.6066980392156862,0.3933019607843138,0.744353725490196,0.0
1630171,Isaac Okoro,2020,5,Auburn,offensive_wing,wing,False,False,0.0,,,,0.0,78.0,225.0,80.5,2.5,True,,0.12223864940924933,0.7798057868872558,0.09795556370349492,0.8777613505907507,ROT+,0.22251222222222217,0.0,0.0,1.0,0.0
1630164,James Wiseman,2020,2,Memphis,rim_runner,center,False,False,0.0,,,,0.0,85,240.0,90.0,6.0,True,,0.1542219392496481,0.7568556193427083,0.08892244140764355,0.8457780607503518,ROT+,0.0,0.6319999999999999,0.8079999999999999,0.4748,0.8079999999999999
1629604,CJ Elleby,2020,46,Washington State,secondary_creator,guard,False,False,0.0,,,,0.0,77.5,198.6,79.25,1.75,True,,0.4815678214839423,0.4322287676701619,0.08620341084589583,0.5184321785160577,ROT+,0.0,0.0,0.0,1.0,0.0
1630186,Jahmi'us Ramsey,2020,43,Texas Tech,secondary_creator,small_guard,False,False,0.0,,,,0.0,74.5,193.4,78.0,3.5,True,,0.4647679615779686,0.4506751995331346,0.08455683888889673,0.5352320384220314,ROT+,0.0,0.0,0.0,1.0,0.0
1630182,Josh Green,2020,18,Arizona,role_player,guard,False,False,0.0,,,,0.0,76.5,214.0,81.75,5.25,True,,0.2144511738230671,0.7015365807079164,0.08401224546901657,0.7855488261769329,ROT+,0.0,0.0,0.0,1.0,0.0
1630180,Saddiq Bey,2020,19,Villanova,offensive_wing,wing,False,False,0.0,,,,0.0,80.0,216.0,84.0,4.0,True,,0.09478691666356254,0.8233843929790117,0.08182869035742577,0.9052130833364375,ROT+,0.324416,0.0,0.0,1.0,0.0
1630200,Tre Jones,2020,41,Duke,secondary_creator,guard,False,False,0.0,,,,0.0,75.0,185.0,76.0,1.0,True,,0.06964062499794792,0.8503527339632666,0.08000664103878548,0.9303593750020521,ROT+,0.0,0.0,0.0,1.0,0.0
1630219,Skylar Mays,2020,50,Louisiana State,offensive_wing,guard,False,False,0.0,,,,0.0,75.0,204.0,78.0,3.0,True,,0.3985582729868481,0.5263303024185343,0.07511142459461764,0.6014417270131519,ROT+,0.0,0.0,0.0,1.0,0.0
1630167,Obi Toppin,2020,8,Dayton,rim_runner,forward_big,False,False,0.0,,,,0.0,81.0,220.0,86.0,5.0,True,,0.19358452442972995,0.7313541943259596,0.07506128124431045,0.80641547557027,ROT+,0.0,0.7020535862068964,0.0,1.0,0.0
1630198,Isaiah Joe,2020,49,Arkansas,two_way_wing,guard,False,False,0.0,,,,0.0,75.0,170.4,79.5,4.5,True,,0.22486230742184654,0.7035574283831721,0.07158026419498129,0.7751376925781535,ROT+,0.0,0.0,0.0,1.0,0.0
1628962,Udoka Azubuike,2020,27,Kansas,rim_runner,forward_big,False,False,0.0,,,,0.0,82.0,259.5,91.25,9.25,True,,0.5443678087546484,0.39021584535834725,0.06541634588700429,0.45563219124535154,ROT+,0.0,0.5040923076923077,0.49590769230769227,0.67766,0.0
1630176,Vernon Carey Jr.,2020,32,Duke,rim_runner,forward_big,False,False,0.0,,,,0.0,82.0,270.0,84.0,2.0,True,,0.25777564366246797,0.677035713470266,0.06518864286726594,0.7422243563375319,ROT+,0.0,0.5844469999999998,0.0,1.0,0.0
1630223,Jalen Harris,2020,59,Nevada-Reno,secondary_creator,small_guard,False,False,0.0,,,,0.0,74.75,193.4,79.0,4.25,True,,0.45584898947776076,0.4815851965132899,0.06256581400894935,0.5441510105222392,ROT+,0.0,0.0,0.0,1.0,0.0
1630170,Devin Vassell,2020,11,Florida State,offensive_wing,wing,False,False,0.0,,,,0.0,78.0,180.0,84.0,6.0,True,,0.1496546960102344,0.7917798931470085,0.0585654108427571,0.8503453039897656,ROT+,0.3798944766839378,0.0,0.0,1.0,0.0
1629670,Jordan Nwora,2020,45,Louisville,stretch_big,guard,False,False,0.0,,,,0.0,77.75,223.0,82.25,4.5,True,,0.6140139531608052,0.33229810252032793,0.05368794431886696,0.3859860468391949,ROT+,0.0,0.47587499999999977,0.0,1.0,0.0
1629617,Reggie Perry,2020,57,Mississippi State,rim_runner,wing,False,False,0.0,,,,0.0,80.25,249.6,84.25,4.0,True,,0.35367172493926335,0.5934136756490658,0.05291459941167083,0.6463282750607366,ROT+,0.47685,0.5282666666666663,0.0,1.0,0.0
1630201,Malachi Flynn,2020,29,San Diego State,secondary_creator,small_guard,False,False,0.0,,,,0.0,73.0,185.0,75.0,2.0,True,,0.30332423033849243,0.6442598866883708,0.05241588297313685,0.6966757696615076,ROT+,0.0,0.0,0.0,1.0,0.0
1630193,Immanuel Quickley,2020,25,Kentucky,offensive_wing,small_guard,False,False,0.0,,,,0.0,74.0,185.8,80.25,6.25,True,,0.7741032848523163,0.17585946506385816,0.05003725008382554,0.2258967151476837,OUT,0.0,0.0,0.0,1.0,0.0
1630202,Payton Pritchard,2020,26,Oregon,secondary_creator,small_guard,False,False,0.0,,,,0.0,74.0,190.0,76.0,2.0,True,,0.39445327725794943,0.5557463770576606,0.04980034568438994,0.6055467227420506,ROT+,0.0,0.0,0.0,1.0,0.0
1630187,Daniel Oturu,2020,33,Minnesota,rim_runner,forward_big,False,False,0.0,,,,0.0,82.0,240.0,84.0,2.0,True,,0.45699760503964726,0.4934026759816123,0.04959971897874044,0.5430023949603527,ROT+,0.0,0.40568499999999974,0.0,1.0,0.0
1630203,Grant Riller,2020,56,College of Charleston,secondary_creator,small_guard,False,False,0.0,,,,0.0,72.25,178.4,77.25,5.0,True,,0.6024057262458153,0.34843972926082667,0.049154544493358064,0.3975942737541847,ROT+,0.0,0.0,0.0,1.0,0.0
1630194,Paul Reed,2020,58,DePaul,rim_runner,wing,False,False,0.0,,,,0.0,80.5,219.2,86.0,5.5,True,,0.546168345042411,0.40798716857777806,0.045844486379810985,0.45383165495758904,ROT+,0.0,0.31623994252873533,0.6837600574712647,0.5555559626436779,0.0
1630199,Cassius Stanley,2020,54,Duke,offensive_wing,guard,False,False,0.0,,,,0.0,77.0,201.6,79.0,2.0,True,,0.6722376641397888,0.2863935297283508,0.04136880613186048,0.3277623358602113,ROT+,0.0,0.0,0.0,1.0,0.0
1630208,Nick Richards,2020,42,Kentucky,dominant_big,forward_big,False,False,0.0,,,,0.0,82.5,241.6,86.25,3.75,True,,0.6837154971976374,0.2771099456120868,0.0391745571902758,0.3162845028023626,ROT+,0.0,0.4491868131868131,0.9235,0.399725,0.9235
1630173,Precious Achiuwa,2020,20,Memphis,rim_runner,wing,False,False,0.0,,,,0.0,79.5,234.0,84.75,5.25,True,,0.6534816422055054,0.3082933595153131,0.038224998279181535,0.34651835779449464,ROT+,0.0,0.38442,0.0,1.0,0.0
1630184,Kira Lewis Jr.,2020,13,Alabama,secondary_creator,guard,False,False,0.0,,,,0.0,75.0,165.0,77.0,2.0,True,,0.6980146916580469,0.2668334504587656,0.03515185788318748,0.3019853083419531,ROT+,0.0,0.0,0.0,1.0,0.0
1630188,Jalen Smith,2020,10,Maryland,rim_runner,forward_big,False,False,0.0,,,,0.0,81.25,224.6,86.25,5.0,True,,0.2556599031930745,0.7112322901584957,0.03310780664842987,0.7443400968069255,ROT+,0.0,0.31931666666666636,0.0,1.0,0.0
1630190,Elijah Hughes,2020,39,Syracuse,secondary_creator,guard,False,False,0.0,,,,0.0,76.75,229.0,79.5,2.75,True,,0.4482407464007804,0.521021313882915,0.030737939716304664,0.5517592535992196,ROT+,0.0,0.0,0.0,1.0,0.0
1630218,Robert Woodard II,2020,40,Mississippi State,offensive_wing,guard,False,False,0.0,,,,0.0,77.5,230.2,86.0,8.5,True,,0.7453492469889953,0.2431255568762345,0.011525196134770273,0.25465075301100476,OUT,0.0,0.0,0.0,1.0,0.0
1630189,Tyler Bey,2020,36,Colorado,rim_runner,wing,False,False,0.0,,,,0.0,78.0,212.8,85.25,7.25,True,,0.855417361718055,0.13476161346398965,0.009821024817955314,0.14458263828194498,OUT,0.0,0.44153333333333306,0.0,1.0,0.0
1630251,Justinian Jessup,2020,51,Boise State,offensive_wing,wing,False,False,0.0,,,,0.0,79.0,202.0,,,False,"wingspan,wingspan_height_diff",,,,,UNSCORED_MISSING_DATA,0.30174399999999996,0.0,0.0,1.0,0.0
1630206,Jay Scrubb,2020,55,John A. Logan,role_path,guard,False,False,0.0,,,,0.0,77.0,185.2,81.5,4.5,False,"college_usg_pct,college_ast_pct,college_tov_pct,college_ts_pct,college_efg_pct,college_ftr,college_fg3a_rate,college_fg3_pct,college_ft_pct,college_fg_pct,college_mpg,pts_per_40,ast_per_40,college_sos,years_in_college,college_usg_pct_fold_expected,college_usg_pct_fold_vs_expected,college_ast_pct_fold_expected,college_ast_pct_fold_vs_expected,college_tov_pct_fold_expected,college_tov_pct_fold_vs_expected,college_ftr_fold_expected,college_ftr_fold_vs_expected,college_fg3a_rate_fold_expected,college_fg3a_rate_fold_vs_expected,college_ast_pct_usage_fold_expected,college_ast_pct_usage_fold_adjusted,college_tov_pct_usage_fold_expected,college_tov_pct_usage_fold_adjusted,college_ftr_usage_fold_expected,college_ftr_usage_fold_adjusted,college_fg3a_rate_usage_fold_expected,college_fg3a_rate_usage_fold_adjusted,final_ast_pct_season_fold_residual,final_tov_pct_season_fold_residual,final_ts_pct_season_fold_residual,final_ftr_season_fold_residual,fresh_ast_pct_season_fold_residual,fresh_tov_pct_season_fold_residual,fresh_ts_pct_season_fold_residual,fresh_ftr_season_fold_residual,avg_ast_pct_season_fold_residual,avg_tov_pct_season_fold_residual,avg_ts_pct_season_fold_residual,avg_ftr_season_fold_residual,max_ast_pct_season_fold_residual,max_tov_pct_season_fold_residual,max_ts_pct_season_fold_residual,max_ftr_season_fold_residual,traj_ast_pct_season_fold_residual,traj_tov_pct_season_fold_residual,traj_ts_pct_season_fold_residual,traj_ftr_season_fold_residual,wavg_ast_pct_season_fold_residual,wavg_tov_pct_season_fold_residual,wavg_ts_pct_season_fold_residual,wavg_ftr_season_fold_residual",,,,,UNSCORED_MISSING_DATA,0.0,0.0,0.0,1.0,0.0
1630241,Sam Merrill,2020,60,Utah State,secondary_creator,guard,False,False,0.0,,,,0.0,77.0,205.0,,,False,"wingspan,wingspan_height_diff",,,,,UNSCORED_MISSING_DATA,0.0,0.0,0.0,1.0,0.0
1629628,RJ Barrett,2019,3,Duke,secondary_creator,wing,False,False,0.0,,,,0.0,79.0,202.0,81.0,2.0,True,,0.15762323333573358,0.3797221959300552,0.46265457073421123,0.8423767666642664,STAR,0.5388608666666665,0.0,0.0,1.0,0.0
1629639,Tyler Herro,2019,13,Kentucky,offensive_wing,guard,False,False,0.0,,,,0.0,76.5,192.4,75.25,-1.25,True,,0.1416604034562715,0.44068648810945654,0.41765310843427195,0.8583395965437285,STAR,0.0,0.0,0.0,1.0,0.0
1629632,Coby White,2019,7,North Carolina,secondary_creator,guard,False,False,0.0,,,,0.0,75.5,191.4,77.0,1.5,True,,0.06622506996806976,0.51916188043142,0.41461304960051026,0.9337749300319302,STAR,0.0,0.0,0.0,1.0,0.0
1629636,Darius Garland,2019,5,Vanderbilt,secondary_creator,small_guard,False,False,0.0,,,,0.0,74.0,175.0,77.0,3.0,True,,0.3791826727722676,0.2518099106444638,0.36900741658326863,0.6208173272277324,ROT+,0.0,0.0,0.0,1.0,0.0
1629645,Kevin Porter Jr.,2019,30,Southern California,offensive_wing,guard,False,False,0.0,,,,0.0,76.0,212.6,81.0,5.0,True,,0.18308593906142567,0.5595695954673958,0.2573444654711785,0.8169140609385743,ROT+,0.0,0.0,0.0,1.0,0.0
1629640,Keldon Johnson,2019,29,Kentucky,two_way_wing,guard,False,False,0.0,,,,0.0,76.75,216.4,81.25,4.5,True,,0.09791909961621681,0.6621818009669095,0.23989909941687373,0.9020809003837832,ROT+,0.0,0.0,0.0,1.0,0.0
1629631,De'Andre Hunter,2019,4,Virginia,offensive_wing,wing,False,False,0.0,,,,0.0,79.0,225.0,86.0,7.0,True,,0.10893363790478838,0.696394571320878,0.19467179077433364,0.8910663620952116,ROT+,0.363882,0.0,0.0,1.0,0.0
1629023,P.J. Washington,2019,12,Kentucky,dominant_big,wing,False,False,0.0,,,,0.0,78.5,230.4,86.5,8.0,True,,0.14774231286511663,0.6596313304534196,0.1926263566814638,0.8522576871348834,ROT+,0.0,0.44104699999999974,0.0,1.0,0.0
1629627,Zion Williamson,2019,1,Duke,rim_runner,wing,False,False,0.0,,,,0.0,79.0,285.0,83.0,4.0,True,,0.04107460032462773,0.81549140560039,0.14343399407498222,0.9589253996753723,ROT+,0.0,0.7457079999999999,0.2542920000000001,0.8347102,0.0
1628981,Bruno Fernando,2019,34,Maryland,rim_runner,wing,False,False,0.0,,,,0.0,80.75,237.0,87.25,6.5,True,,0.2897105369796461,0.5754517146445355,0.1348377483758184,0.7102894630203539,ROT+,0.0,0.6578166666666666,0.0,1.0,0.0
1629673,Jordan Poole,2019,28,Michigan,offensive_wing,guard,False,False,0.0,,,,0.0,75.5,190.8,78.75,3.25,True,,0.07364762394896596,0.7939056363713833,0.13244673967965068,0.926352376051034,ROT+,0.0,0.0,0.0,1.0,0.0
1629060,Rui Hachimura,2019,9,Gonzaga,rim_runner,wing,False,False,0.0,,,,0.0,80.0,230.0,86.0,6.0,True,,0.1755492805290757,0.7120231473540157,0.11242757211690853,0.8244507194709243,ROT+,0.41923451776649745,0.6539749999999999,0.0,1.0,0.0
1629667,Jalen McDaniels,2019,52,San Diego,offensive_wing,wing,False,False,0.0,,,,0.0,80.25,191.6,84.25,4.0,True,,0.34473970324220105,0.5547011708392096,0.10055912591858937,0.655260296757799,ROT+,0.4394,0.0,0.0,1.0,0.0
1629629,Cam Reddish,2019,10,Duke,offensive_wing,wing,False,False,0.0,,,,0.0,78.5,207.8,84.5,6.0,True,,0.34406701890456415,0.5558797328188605,0.10005324827657533,0.6559329810954359,ROT+,0.3796587,0.0,0.0,1.0,0.0
1629657,Kyle Guy,2019,55,Virginia,offensive_wing,small_guard,False,False,0.0,,,,0.0,72.75,167.8,76.5,3.75,True,,0.4601888084111412,0.44166302543432034,0.09814816615453845,0.5398111915888588,ROT+,0.0,0.0,0.0,1.0,0.0
1628986,Jaylen Hands,2019,56,California-Los Angeles,secondary_creator,small_guard,False,False,0.0,,,,0.0,73.5,180.4,77.5,4.0,True,,0.24939341549390506,0.6539714687997944,0.09663511570630046,0.7506065845060949,ROT+,0.0,0.0,0.0,1.0,0.0
1629035,Carsen Edwards,2019,33,Purdue,secondary_creator,small_guard,False,False,0.0,,,,0.0,70.75,199.4,77.0,4.0,True,,0.2777948756171208,0.6284346649126091,0.09377045947027011,0.7222051243828792,ROT+,0.0,0.0,0.0,1.0,0.0
1629625,Justin Wright-Foreman,2019,53,Hofstra,secondary_creator,small_guard,False,False,0.0,,,,0.0,74.0,190.0,78.0,4.0,True,,0.5736238573180161,0.33384939851094564,0.09252674417103819,0.4263761426819838,ROT+,0.0,0.0,0.0,1.0,0.0
1629634,Brandon Clarke,2019,21,Gonzaga,rim_protector,wing,False,False,0.0,,,,0.0,79.25,207.2,80.25,1.0,True,,0.2769974241899952,0.6341850072917111,0.0888175685182937,0.7230025758100048,ROT+,0.37712989608313335,0.6269093525179855,0.3730906474820145,0.7574910791366906,0.0
1629643,Chuma Okeke,2019,16,Auburn,two_way_wing,wing,False,False,0.0,,,,0.0,80.0,230.0,84.0,4.0,True,,0.24624147323745316,0.6670612327936456,0.08669729396890122,0.7537585267625468,ROT+,0.4848720000000001,0.0,0.0,1.0,0.0
1629637,Jaxson Hayes,2019,8,Texas,rim_runner,forward_big,False,False,0.0,,,,0.0,82.25,218.6,87.5,5.25,True,,0.08508271639562792,0.8284558466534844,0.08646143695088766,0.9149172836043721,ROT+,0.0,0.4955193133047209,0.907,0.41045,0.907
1629682,Tremont Waters,2019,51,Louisiana State,secondary_creator,small_guard,False,False,0.0,,,,0.0,69.5,172.4,74.25,4.75,True,,0.40583883814359456,0.5117158053314589,0.08244535652494654,0.5941611618564054,ROT+,0.0,0.0,0.0,1.0,0.0
1629659,Talen Horton-Tucker,2019,46,Iowa State,secondary_creator,small_guard,False,False,0.0,,,,0.0,74.5,235.4,85.25,10.75,True,,0.32162526803792757,0.5967081574865248,0.08166657447554763,0.6783747319620724,ROT+,0.0,0.0,0.0,1.0,0.0
1629649,Ignas Brazdeikis,2019,47,Michigan,offensive_wing,guard,False,False,0.0,,,,0.0,77.75,220.8,81.25,3.5,True,,0.47812727806958744,0.44273200877704716,0.0791407131533654,0.5218727219304126,ROT+,0.0,0.0,0.0,1.0,0.0
1629655,Daniel Gafford,2019,38,Arkansas,rim_runner,forward_big,False,False,0.0,,,,0.0,81.25,237.6,86.5,5.25,True,,0.12346802406932567,0.7992851937334213,0.07724678219725298,0.8765319759306743,ROT+,0.0,0.5173970588235293,0.48260294117647073,0.686308088235294,0.0
1629638,Nickeil Alexander-Walker,2019,17,Virginia Tech,secondary_creator,guard,False,False,0.0,,,,0.0,76.25,203.8,81.5,5.25,True,,0.3978284782337541,0.5276300183471179,0.07454150341912807,0.602171521766246,ROT+,0.0,0.0,0.0,1.0,0.0
1629630,Ja Morant,2019,2,Murray State,primary_creator,guard,False,False,0.0,,,,0.0,75.0,175.0,79.0,4.0,True,,0.267483347784932,0.6583013900963077,0.07421526211876026,0.732516652215068,ROT+,0.0,0.0,0.0,1.0,0.0
1629680,Matisse Thybulle,2019,20,Washington,two_way_wing,guard,False,False,0.0,,,,0.0,77.0,195.0,84.0,7.0,True,,0.29231474692195747,0.6348688868169932,0.07281636626104933,0.7076852530780425,ROT+,0.0,0.0,0.0,1.0,0.0
1629642,Nassir Little,2019,25,North Carolina,rim_runner,guard,False,False,0.0,,,,0.0,76.5,224.2,85.25,8.75,True,,0.5217642972291516,0.41299866724488243,0.06523703552596592,0.47823570277084837,ROT+,0.0,0.3575384615384616,0.0,1.0,0.0
1629684,Grant Williams,2019,22,Tennessee,rim_protector,guard,False,False,0.0,,,,0.0,77.75,240.2,81.75,4.0,True,,0.45595405261363475,0.4836071885550517,0.06043875883131355,0.5440459473863652,ROT+,0.0,0.6826249999999997,0.3173750000000003,0.7937062499999998,0.0
1629626,Bol Bol,2019,44,Oregon,rim_protector,center,False,False,0.0,,,,0.0,84.75,208.0,91.0,7.0,True,,0.6209519615000885,0.31947254835025035,0.05957549014966118,0.37904803849991153,ROT+,0.0,0.6516666666666664,0.3483333333333336,0.7735833333333332,0.0
1629660,Ty Jerome,2019,24,Virginia,secondary_creator,guard,False,False,0.0,,,,0.0,76.25,194.4,76.0,-0.25,True,,0.35150695481658756,0.5917010923045037,0.05679195287890871,0.6484930451834124,ROT+,0.0,0.0,0.0,1.0,0.0
1629661,Cameron Johnson,2019,11,North Carolina,offensive_wing,wing,False,False,0.0,,,,0.0,79.0,205.2,82.0,3.0,True,,0.2670160268098183,0.6814206909771514,0.05156328221303028,0.7329839731901817,ROT+,0.2631893700787402,0.0,0.0,1.0,0.0
1629648,Jordan Bone,2019,57,Tennessee,secondary_creator,small_guard,False,False,0.0,,,,0.0,73.5,179.0,75.25,1.75,True,,0.3958851852754354,0.557738234119901,0.04637658060466364,0.6041148147245646,ROT+,0.0,0.0,0.0,1.0,0.0
1629611,Terance Mann,2019,48,Florida State,two_way_wing,guard,False,False,0.0,,,,0.0,76.75,204.6,79.75,3.0,True,,0.4383529458615322,0.5158873311054091,0.04575972303305873,0.5616470541384678,ROT+,0.0,0.0,0.0,1.0,0.0
1629683,Quinndary Weatherspoon,2019,49,Mississippi State,secondary_creator,guard,False,False,0.0,,,,0.0,75.0,206.6,81.0,6.0,True,,0.39163262581819536,0.5630245642340505,0.0453428099477542,0.6083673741818046,ROT+,0.0,0.0,0.0,1.0,0.0
1629678,Admiral Schofield,2019,42,Tennessee,offensive_wing,guard,False,False,0.0,,,,0.0,76.0,240.6,81.75,5.75,True,,0.5388276536656446,0.4162868669486033,0.04488547938575219,0.4611723463343555,ROT+,0.0,0.0,0.0,1.0,0.0
1629633,Jarrett Culver,2019,6,Texas Tech,secondary_creator,guard,False,False,0.0,,,,0.0,77.25,194.2,81.5,4.25,True,,0.42508830030203637,0.5309958954691911,0.04391580422877247,0.5749116996979636,ROT+,0.0,0.0,0.0,1.0,0.0
1629644,KZ Okpala,2019,32,Stanford,secondary_creator,wing,False,False,0.0,,,,0.0,79.25,209.6,85.75,6.5,True,,0.7126626301748706,0.246043482916466,0.04129388690866342,0.2873373698251294,OUT,0.3007486666666666,0.0,0.0,1.0,0.0
1629641,Romeo Langford,2019,14,Indiana,secondary_creator,guard,False,False,0.0,,,,0.0,76.5,215.0,83.0,6.5,True,,0.620139594137116,0.3407760738748586,0.039084331988025404,0.379860405862884,ROT+,0.0,0.0,0.0,1.0,0.0
1628998,Cody Martin,2019,36,North Carolina State,secondary_creator,guard,False,False,0.0,,,,0.0,76.75,192.2,82.25,5.5,True,,0.47433995634948933,0.4905370004175986,0.03512304323291207,0.5256600436505107,ROT+,0.0,0.0,0.0,1.0,0.0
1629713,Justin James,2019,40,Wyoming,secondary_creator,wing,False,False,0.0,,,,0.0,79.0,190.0,85.0,6.0,True,,0.5855709389293824,0.38063658864589867,0.033792472424718924,0.4144290610706176,ROT+,0.4756,0.0,0.0,1.0,0.0
1629651,Nic Claxton,2019,31,Georgia,rim_runner,forward_big,False,False,0.0,,,,0.0,82.0,216.6,86.5,4.5,True,,0.6421573152249438,0.32825207656537875,0.029590608209677408,0.35784268477505615,ROT+,0.0,0.23094799999999996,0.7690520000000001,0.5001161999999999,0.0
1629714,Jarrell Brantley,2019,50,College of Charleston,secondary_creator,wing,False,False,0.0,,,,0.0,79.0,255.0,85.0,6.0,True,,0.4175201488581628,0.5532856419039512,0.029194209237886008,0.5824798511418372,ROT+,0.45905,0.0,0.0,1.0,0.0
1629621,Marial Shayok,2019,54,Virginia,secondary_creator,guard,False,False,0.0,,,,0.0,76.5,196.8,84.25,7.75,True,,0.7931714764952579,0.18112720989857758,0.025701313606164514,0.2068285235047421,OUT,0.0,0.0,0.0,1.0,0.0
1629671,Miye Oni,2019,58,Yale,secondary_creator,guard,False,False,0.0,,,,0.0,76.25,205.6,82.75,6.5,True,,0.8967862276610288,0.08248274516722318,0.020731027171748087,0.10321377233897126,OUT,0.0,0.0,0.0,1.0,0.0
1629672,Eric Paschall,2019,41,Villanova,offensive_wing,wing,False,False,0.0,,,,0.0,78.0,254.4,87.75,9.75,True,,0.639249336647293,0.34083510009293433,0.01991556325977276,0.3607506633527071,ROT+,0.13550000000000004,0.0,0.0,1.0,0.0
1629608,Dewan Hernandez,2019,59,Miami (FL),rim_runner,forward_big,False,False,0.0,,,,0.0,81.0,232.8,85.75,4.75,True,,0.847579795259417,0.1325306205810606,0.01988958415952241,0.15242020474058302,OUT,0.0,0.17032499999999978,0.0,1.0,0.0
1629669,Jaylen Nowell,2019,43,Washington,secondary_creator,guard,False,False,0.0,,,,0.0,75.25,202.4,79.25,4.0,True,,0.8629008518096807,0.11819630807050845,0.01890284011981087,0.13709914819031932,OUT,0.0,0.0,0.0,1.0,0.0
1629676,Isaiah Roby,2019,45,Nebraska,rim_runner,wing,False,False,0.0,,,,0.0,79.25,214.0,85.0,5.75,True,,0.7411090667041906,0.24439587569854573,0.014495057597263676,0.2588909332958094,OUT,0.0,0.22923333333333315,0.0,1.0,0.0
1629662,Mfiondu Kabengele,2019,27,Florida State,rim_runner,wing,False,False,0.0,,,,0.0,80.75,256.2,87.0,6.25,True,,0.5976930392791164,0.3918448416745315,0.010462119046352126,0.4023069607208836,ROT+,0.0,0.45646666666666624,0.5435333333333338,0.646703333333333,0.0
1629685,Dylan Windler,2019,26,Belmont,offensive_wing,wing,False,False,0.0,,,,0.0,78.25,195.8,82.0,3.75,True,,0.797750073696752,0.19425641071985528,0.007993515583392737,0.202249926303248,OUT,0.3646215510204082,0.0,0.0,1.0,0.0
